0	😀	grinning face	grinning	cheerful cheery face grin grinning happy laugh nice smile smiling teeth
0	😃	grinning face with big eyes	smiley	awesome big eyes face grin grinning happy mouth open smile smiling teeth yay
0	😄	grinning face with smiling eyes	smile	eye eyes face grin grinning happy laugh lol mouth open smile smiling
0	😁	beaming face with smiling eyes	grin	beaming eye eyes face grin grinning happy nice smile smiling teeth
0	😆	grinning squinting face	laughing satisfied	closed eyes face grinning haha hahaha happy laugh lol mouth open rofl smile smiling squinting
0	😅	grinning face with sweat	sweat_smile	cold dejected excited face grinning mouth nervous open smile smiling stress stressed sweat
0	🤣	rolling on the floor laughing	rofl	crying face floor funny haha happy hehe hilarious joy laugh lmao lol rofl roflmao rolling tear
0	😂	face with tears of joy	joy	crying face feels funny haha happy hehe hilarious joy laugh lmao lol rofl roflmao tear
0	🙂	slightly smiling face	slightly_smiling_face	face happy slightly smile smiling
0	🙃	upside-down face	upside_down_face	face hehe smile upside-down
0	🫠	melting face	melting_face	disappear dissolve embarrassed face haha heat hot liquid lol melt melting sarcasm sarcastic
0	😉	winking face	wink	face flirt heartbreaker sexy slide tease wink winking winks
0	😊	smiling face with smiling eyes	blush	blush eye eyes face glad satisfied smile smiling
0	😇	smiling face with halo	innocent	angel angelic angels blessed face fairy fairytale fantasy halo happy innocent peaceful smile smiling spirit tale
0	🥰	smiling face with hearts	smiling_face_with_three_hearts	3 adore crush face heart hearts ily love romance smile smiling you
0	😍	smiling face with heart-eyes	heart_eyes	143 bae eye face feels heart-eyes hearts ily kisses love romance romantic smile xoxo
0	🤩	star-struck	star_struck	excited eyes face grinning smile star starry-eyed wow
0	😘	face blowing a kiss	kissing_heart	adorbs bae blowing face flirt heart ily kiss love lover miss muah romantic smooch xoxo you
0	😗	kissing face	kissing	143 date dating face flirt ily kiss love smooch smooches xoxo you
0	☺️	smiling face	relaxed	face happy outlined relaxed smile smiling
0	😚	kissing face with closed eyes	kissing_closed_eyes	143 bae blush closed date dating eye eyes face flirt ily kisses kissing smooches xoxo
0	😙	kissing face with smiling eyes	kissing_smiling_eyes	143 closed date dating eye eyes face flirt ily kiss kisses kissing love night smile smiling
0	🥲	smiling face with tear	smiling_face_with_tear	face glad grateful happy joy pain proud relieved smile smiley smiling tear touched
0	😋	face savoring food	yum	delicious eat face food full hungry savor smile smiling tasty um yum yummy
0	😛	face with tongue	stuck_out_tongue	awesome cool face nice party stuck-out sweet tongue
0	😜	winking face with tongue	stuck_out_tongue_winking_eye	crazy epic eye face funny joke loopy nutty party stuck-out tongue wacky weirdo wink winking yolo
0	🤪	zany face	zany_face	crazy eye eyes face goofy large small zany
0	😝	squinting face with tongue	stuck_out_tongue_closed_eyes	closed eye eyes face gross horrible omg squinting stuck-out taste tongue whatever yolo
0	🤑	money-mouth face	money_mouth_face	face money money-mouth mouth paid
0	🤗	smiling face with open hands	hugs	face hands hug hugging open smiling
0	🤭	face with hand over mouth	hand_over_mouth	face giggle giggling hand mouth oops realization secret shock sudden surprise whoops
0	🫢	face with open eyes and hand over mouth	face_with_open_eyes_and_hand_over_mouth	amazement awe disbelief embarrass eyes face gasp hand mouth omg open over quiet scared shock surprise
0	🫣	face with peeking eye	face_with_peeking_eye	captivated embarrass eye face hide hiding peek peeking peep scared shy stare
0	🤫	shushing face	shushing_face	face quiet shh shush shushing
0	🤔	thinking face	thinking	chin consider face hmm ponder pondering thinking wondering
0	🫡	saluting face	saluting_face	face good luck ma’am ok respect salute saluting sir troops yes
0	🤐	zipper-mouth face	zipper_mouth_face	face keep mouth quiet secret shut zip zipper zipper-mouth
0	🤨	face with raised eyebrow	raised_eyebrow	disapproval disbelief distrust emoji eyebrow face hmm mild raised skeptic skeptical skepticism surprise what
0	😐️	neutral face	neutral_face	awkward blank deadpan expressionless face fine jealous meh neutral oh shade straight unamused unhappy unimpressed whatever
0	😑	expressionless face	expressionless	awkward dead expressionless face fine inexpressive jealous meh not oh omg straight uh unhappy unimpressed whatever
0	😶	face without mouth	no_mouth	awkward blank expressionless face mouth mouthless mute quiet secret silence silent speechless
0	🫥	dotted line face	dotted_line_face	depressed disappear dotted face hidden hide introvert invisible line meh whatever wtv
0	😶‍🌫️	face in clouds	face_in_clouds	absentminded clouds face fog head
0	😏	smirking face	smirk	boss dapper face flirt homie kidding leer shade slick sly smirk smug snicker suave suspicious swag
0	😒	unamused face	unamused	... bored face fine jealous jel jelly pissed smh ugh uhh unamused unhappy weird whatever
0	🙄	face with rolling eyes	roll_eyes	eyeroll eyes face rolling shade ugh whatever
0	😬	grimacing face	grimacing	awk awkward dentist face grimace grimacing grinning smile smiling
0	😮‍💨	face exhaling	face_exhaling	blow blowing exhale exhaling exhausted face gasp groan relief sigh smiley smoke whisper whistle
0	🤥	lying face	lying_face	face liar lie lying pinocchio
0	🫨	shaking face	shaking_face	crazy daze earthquake face omg panic shaking shock surprise vibrate whoa wow
0	🙂‍↔️	head shaking horizontally		head horizontally no shake shaking
0	🙂‍↕️	head shaking vertically		head nod shaking vertically yes
0	😌	relieved face	relieved	calm face peace relief relieved zen
0	😔	pensive face	pensive	awful bored dejected died disappointed face losing lost pensive sad sucks
0	😪	sleepy face	sleepy	crying face good night sad sleep sleeping sleepy tired
0	🤤	drooling face	drooling_face	drooling face
0	😴	sleeping face	sleeping	bed bedtime face good goodnight nap night sleep sleeping tired whatever yawn zzz
0	🫩	face with bags under eyes		bags bored exhausted eyes face fatigued late sleepy tired weary
0	😷	face with medical mask	mask	cold dentist dermatologist doctor dr face germs mask medical medicine sick
0	🤒	face with thermometer	face_with_thermometer	face ill sick thermometer
0	🤕	face with head-bandage	face_with_head_bandage	bandage face head-bandage hurt injury ouch
0	🤢	nauseated face	nauseated_face	face gross nasty nauseated sick vomit
0	🤮	face vomiting	vomiting_face	barf ew face gross puke sick spew throw up vomit vomiting
0	🤧	sneezing face	sneezing_face	face fever flu gesundheit sick sneeze sneezing
0	🥵	hot face	hot_face	dying face feverish heat hot panting red-faced stroke sweating tongue
0	🥶	cold face	cold_face	blue blue-faced cold face freezing frostbite icicles subzero teeth
0	🥴	woozy face	woozy_face	dizzy drunk eyes face intoxicated mouth tipsy uneven wavy woozy
0	😵	face with crossed-out eyes	dizzy_face	crossed-out dead dizzy eyes face feels knocked out sick tired
0	😵‍💫	face with spiral eyes	face_with_spiral_eyes	confused dizzy eyes face hypnotized omg smiley spiral trouble whoa woah woozy
0	🤯	exploding head	exploding_head	blown explode exploding head mind mindblown no shocked way
0	🤠	cowboy hat face	cowboy_hat_face	cowboy cowgirl face hat
0	🥳	partying face	partying_face	bday birthday celebrate celebration excited face happy hat hooray horn party partying
0	🥸	disguised face	disguised_face	disguise eyebrow face glasses incognito moustache mustache nose person spy tache tash
0	😎	smiling face with sunglasses	sunglasses	awesome beach bright bro chilling cool face rad relaxed shades slay smile style sunglasses swag win
0	🤓	nerd face	nerd_face	brainy clever expert face geek gifted glasses intelligent nerd smart
0	🧐	face with monocle	monocle_face	classy face fancy monocle rich stuffy wealthy
0	😕	confused face	confused	befuddled confused confusing dunno face frown hm meh not sad sorry sure
0	🫤	face with diagonal mouth	face_with_diagonal_mouth	confused confusion diagonal disappointed doubt doubtful face frustrated frustration meh mouth skeptical unsure whatever wtv
0	😟	worried face	worried	anxious butterflies face nerves nervous sad stress stressed surprised worried worry
0	🙁	slightly frowning face	slightly_frowning_face	face frown frowning sad slightly
0	☹️	frowning face	frowning_face	face frown frowning sad
0	😮	face with open mouth	open_mouth	believe face forgot mouth omg open shocked surprised sympathy unbelievable unreal whoa wow you
0	😯	hushed face	hushed	epic face hushed omg stunned surprised whoa woah
0	😲	astonished face	astonished	astonished cost face no omg shocked totally way
0	😳	flushed face	flushed	amazed awkward crazy dazed dead disbelief embarrassed face flushed geez heat hot impressed jeez what wow
0	🫪	distorted face		anxiety bloated panic shocked surprised vulnerable
0	🥺	pleading face	pleading_face	begging big eyes face mercy not pleading please pretty puppy sad why
0	🥹	face holding back tears	face_holding_back_tears	admiration aww back cry embarrassed face feelings grateful gratitude holding joy please proud resist sad tears
0	😦	frowning face with open mouth	frowning	caught face frown frowning guard mouth open scared scary surprise what wow
0	😧	anguished face	anguished	anguished face forgot scared scary stressed surprise unhappy what wow
0	😨	fearful face	fearful	afraid anxious blame face fear fearful scared worried
0	😰	anxious face with sweat	cold_sweat	anxious blue cold eek face mouth nervous open rushed scared sweat yikes
0	😥	sad but relieved face	disappointed_relieved	anxious call close complicated disappointed face not relieved sad sweat time whew
0	😢	crying face	cry	awful cry crying face feels miss sad tear triste unhappy
0	😭	loudly crying face	sob	bawling cry crying face loudly sad sob tear tears unhappy
0	😱	face screaming in fear	scream	epic face fear fearful munch scared scream screamer screaming shocked surprised woah
0	😖	confounded face	confounded	annoyed confounded confused cringe distraught face feels frustrated mad sad
0	😣	persevering face	persevere	concentrate concentration face focus headache persevere persevering
0	😞	disappointed face	disappointed	awful blame dejected disappointed face fail losing sad unhappy
0	😓	downcast face with sweat	sweat	close cold downcast face feels headache nervous sad scared sweat yikes
0	😩	weary face	weary	crying face fail feels hungry mad nooo sad sleepy tired unhappy weary
0	😫	tired face	tired_face	cost face feels nap sad sneeze tired
0	🥱	yawning face	yawning_face	bedtime bored face goodnight nap night sleep sleepy tired whatever yawn yawning zzz
0	😤	face with steam from nose	triumph	anger angry face feels fume fuming furious fury mad nose steam triumph unhappy won
0	😡	enraged face	pout rage	anger angry enraged face feels mad maddening pouting rage red shade unhappy upset
0	😠	angry face	angry	anger angry blame face feels frustrated mad maddening rage shade unhappy upset
0	🤬	face with symbols on mouth	cursing_face	censor cursing cussing face mad mouth pissed swearing symbols
0	😈	smiling face with horns	smiling_imp	demon devil evil face fairy fairytale fantasy horns purple shade smile smiling tale
0	👿	angry face with horns	imp	angry demon devil evil face fairy fairytale fantasy horns imp mischievous purple shade tale
0	💀	skull	skull	body dead death face fairy fairytale i’m lmao monster tale yolo
0	☠️	skull and crossbones	skull_and_crossbones	bone crossbones dead death face monster skull
0	💩	pile of poo	hankey poop shit	bs comic doo dung face fml monster pile poo poop smelly smh stink stinks stinky turd
0	🤡	clown face	clown_face	clown face
0	👹	ogre	japanese_ogre	creature devil face fairy fairytale fantasy mask monster scary tale
0	👺	goblin	japanese_goblin	angry creature face fairy fairytale fantasy mask mean monster tale
0	👻	ghost	ghost	boo creature excited face fairy fairytale fantasy halloween haunting monster scary silly tale
0	👽️	alien	alien	creature extraterrestrial face fairy fairytale fantasy monster space tale ufo
0	👾	alien monster	space_invader	alien creature extraterrestrial face fairy fairytale fantasy game gamer games monster pixelated space tale ufo
0	🤖	robot	robot	face monster
0	😺	grinning cat	smiley_cat	animal cat face grinning mouth open smile smiling
0	😸	grinning cat with smiling eyes	smile_cat	animal cat eye eyes face grin grinning smile smiling
0	😹	cat with tears of joy	joy_cat	animal cat face joy laugh laughing lol tear tears
0	😻	smiling cat with heart-eyes	heart_eyes_cat	animal cat eye face heart heart-eyes love smile smiling
0	😼	cat with wry smile	smirk_cat	animal cat face ironic smile wry
0	😽	kissing cat	kissing_cat	animal cat closed eye eyes face kiss kissing
0	🙀	weary cat	scream_cat	animal cat face oh surprised weary
0	😿	crying cat	crying_cat_face	animal cat cry crying face sad tear
0	😾	pouting cat	pouting_cat	animal cat face pouting
0	🙈	see-no-evil monkey	see_no_evil	embarrassed evil face forbidden forgot gesture hide monkey no omg prohibited scared secret smh watch
0	🙉	hear-no-evil monkey	hear_no_evil	animal ears evil face forbidden gesture hear listen monkey no not prohibited secret shh tmi
0	🙊	speak-no-evil monkey	speak_no_evil	animal evil face forbidden gesture monkey no not oops prohibited quiet secret speak stealth
0	💌	love letter	love_letter	heart letter love mail romance valentine
0	💘	heart with arrow	cupid	143 adorbs arrow cupid date emotion heart ily love romance valentine
0	💝	heart with ribbon	gift_heart	143 anniversary emotion heart ily kisses ribbon valentine xoxo
0	💖	sparkling heart	sparkling_heart	143 emotion excited good heart ily kisses morning night sparkle sparkling xoxo
0	💗	growing heart	heartpulse	143 emotion excited growing heart heartpulse ily kisses muah nervous pulse xoxo
0	💓	beating heart	heartbeat	143 beating cardio emotion heart heartbeat ily love pulsating pulse
0	💞	revolving hearts	revolving_hearts	143 adorbs anniversary emotion heart hearts revolving
0	💕	two hearts	two_hearts	143 anniversary date dating emotion heart hearts ily kisses love loving two xoxo
0	💟	heart decoration	heart_decoration	143 decoration emotion heart hearth purple white
0	❣️	heart exclamation	heavy_heart_exclamation	exclamation heart heavy mark punctuation
0	💔	broken heart	broken_heart	break broken crushed emotion heart heartbroken lonely sad
0	❤️‍🔥	heart on fire	heart_on_fire	burn fire heart love lust sacred
0	❤️‍🩹	mending heart	mending_heart	healthier heart improving mending recovering recuperating well
0	❤️	red heart	heart	emotion heart love red
0	🩷	pink heart	pink_heart	143 adorable cute emotion heart ily like love pink special sweet
0	🧡	orange heart	orange_heart	143 heart orange
0	💛	yellow heart	yellow_heart	143 cardiac emotion heart ily love yellow
0	💚	green heart	green_heart	143 emotion green heart ily love romantic
0	💙	blue heart	blue_heart	143 blue emotion heart ily love romance
0	🩵	light blue heart	light_blue_heart	143 blue cute cyan emotion heart ily light like love sky special teal
0	💜	purple heart	purple_heart	143 bestest emotion heart ily love purple
0	🤎	brown heart	brown_heart	143 brown heart
0	🖤	black heart	black_heart	black evil heart wicked
0	🩶	grey heart	grey_heart	143 emotion gray grey heart ily love silver slate special
0	🤍	white heart	white_heart	143 heart white
0	💋	kiss mark	kiss	dating emotion heart kiss kissing lips mark romance sexy
0	💯	hundred points	100	100 a+ agree clearly definitely faithful fleek full hundred keep perfect point score true truth yup
0	💢	anger symbol	anger	anger angry comic mad symbol upset
0	🫯	fight cloud		argument brawl debate disagreement fight ruckus wrestle
0	💥	collision	boom collision	bomb boom collide comic explode
0	💫	dizzy	dizzy	comic shining shooting star stars
0	💦	sweat droplets	sweat_drops	comic drip droplet droplets drops splashing squirt sweat water wet work workout
0	💨	dashing away	dash	away cloud comic dash dashing fart fast go gone gotta running smoke
0	🕳️	hole	hole	hole
0	💬	speech balloon	speech_balloon	balloon bubble comic dialog message sms speech talk text typing
0	👁️‍🗨️	eye in speech bubble	eye_speech_bubble	balloon bubble eye speech witness
0	🗨️	left speech bubble	left_speech_bubble	balloon bubble dialog left speech
0	🗯️	right anger bubble	right_anger_bubble	anger angry balloon bubble mad right
0	💭	thought balloon	thought_balloon	balloon bubble cartoon cloud comic daydream decisions dream idea invent invention realize think thoughts wonder
0	💤	ZZZ	zzz	comic good goodnight night sleep sleeping sleepy tired zzz
1	👋	waving hand	wave	bye cya g2g greetings gtg hand hello hey hi later outtie ttfn ttyl wave yo you
1	🤚	raised back of hand	raised_back_of_hand	back backhand hand raised
1	🖐️	hand with fingers splayed	raised_hand_with_fingers_splayed	finger fingers hand raised splayed stop
1	✋️	raised hand	hand raised_hand	5 five hand high raised stop
1	🖖	vulcan salute	vulcan_salute	finger hand hands salute vulcan
1	🫱	rightwards hand	rightwards_hand	hand handshake hold reach right rightward rightwards shake
1	🫲	leftwards hand	leftwards_hand	hand handshake hold left leftward leftwards reach shake
1	🫳	palm down hand	palm_down_hand	dismiss down drop dropped hand palm pick shoo up
1	🫴	palm up hand	palm_up_hand	beckon catch come hand hold know lift me offer palm tell
1	🫷	leftwards pushing hand	leftwards_pushing_hand	block five halt hand high hold leftward leftwards pause push pushing refuse slap stop wait
1	🫸	rightwards pushing hand	rightwards_pushing_hand	block five halt hand high hold pause push pushing refuse rightward rightwards slap stop wait
1	👌	OK hand	ok_hand	awesome bet dope fleek fosho got gotcha hand legit ok okay pinch rad sure sweet three
1	🤌	pinched fingers	pinched_fingers	fingers gesture hand hold huh interrogation patience pinched relax sarcastic ugh what zip
1	🤏	pinching hand	pinching_hand	amount bit fingers hand little pinching small sort
1	✌️	victory hand	v	hand peace v victory
1	🤞	crossed fingers	crossed_fingers	cross crossed finger fingers hand luck
1	🫰	hand with index finger and thumb crossed	hand_with_index_finger_and_thumb_crossed	<3 crossed expensive finger hand heart index love money snap thumb
1	🤟	love-you gesture	love_you_gesture	fingers gesture hand ily love love-you three you
1	🤘	sign of the horns	metal	finger hand horns rock-on sign
1	🤙	call me hand	call_me_hand	call hand hang loose me shaka
1	👈️	backhand index pointing left	point_left	backhand finger hand index left point pointing
1	👉️	backhand index pointing right	point_right	backhand finger hand index point pointing right
1	👆️	backhand index pointing up	point_up_2	backhand finger hand index point pointing up
1	🖕	middle finger	fu middle_finger	finger hand middle
1	👇️	backhand index pointing down	point_down	backhand down finger hand index point pointing
1	☝️	index pointing up	point_up	finger hand index point pointing this up
1	🫵	index pointing at the viewer	index_pointing_at_the_viewer	at finger hand index pointing poke viewer you
1	👍️	thumbs up	+1 thumbsup	+1 good hand like thumb up yes
1	👎️	thumbs down	-1 thumbsdown	-1 bad dislike down good hand no nope thumb thumbs
1	✊️	raised fist	fist fist_raised	clenched fist hand punch raised solidarity
1	👊	oncoming fist	facepunch fist_oncoming punch	absolutely agree boom bro bruh bump clenched correct fist hand knuckle oncoming pound punch rock ttyl
1	🤛	left-facing fist	fist_left	fist left-facing leftwards
1	🤜	right-facing fist	fist_right	fist right-facing rightwards
1	👏	clapping hands	clap	applause approval awesome clap congrats congratulations excited good great hand homie job nice prayed well yay
1	🙌	raising hands	raised_hands	celebration gesture hand hands hooray praise raised raising
1	🫶	heart hands	heart_hands	<3 hands heart love you
1	👐	open hands	open_hands	hand hands hug jazz open swerve
1	🤲	palms up together	palms_up_together	cupped dua hands palms pray prayer together up wish
1	🤝	handshake	handshake	agreement deal hand meeting shake
1	🙏	folded hands	pray	appreciate ask beg blessed bow cmon five folded gesture hand high please pray thanks thx
1	✍️	writing hand	writing_hand	hand write writing
1	💅	nail polish	nail_care	bored care cosmetics done makeup manicure nail polish whatever
1	🤳	selfie	selfie	camera phone
1	💪	flexed biceps	muscle	arm beast bench biceps bodybuilder bro curls flex gains gym jacked muscle press ripped strong weightlift
1	🦾	mechanical arm	mechanical_arm	accessibility arm mechanical prosthetic
1	🦿	mechanical leg	mechanical_leg	accessibility leg mechanical prosthetic
1	🦵	leg	leg	bent foot kick knee limb
1	🦶	foot	foot	ankle feet kick stomp
1	👂️	ear	ear	body ears hear hearing listen listening sound
1	🦻	ear with hearing aid	ear_with_hearing_aid	accessibility aid ear hard hearing
1	👃	nose	nose	body noses nosey odor smell smells
1	🧠	brain	brain	intelligent smart
1	🫀	anatomical heart	anatomical_heart	anatomical beat cardiology heart heartbeat organ pulse real red
1	🫁	lungs	lungs	breath breathe exhalation inhalation lung organ respiration
1	🦷	tooth	tooth	dentist pearly teeth white
1	🦴	bone	bone	bones dog skeleton wishbone
1	👀	eyes	eyes	body eye face googly look looking omg peep see seeing
1	👁️	eye	eye	1 body one
1	👅	tongue	tongue	body lick slurp
1	👄	mouth	lips	beauty body kiss kissing lips lipstick
1	🫦	biting lip	biting_lip	anxious bite biting fear flirt flirting kiss lip lipstick nervous sexy uncomfortable worried worry
1	👶	baby	baby	babies children goo infant newborn pregnant young
1	🧒	child	child	bright-eyed grandchild kid young younger
1	👦	boy	boy	bright-eyed child grandson kid son young younger
1	👧	girl	girl	bright-eyed child daughter granddaughter kid virgo young younger zodiac
1	🧑	person	adult	adult
1	👱	person: blond hair	blond_haired_person	blond blond-haired human person
1	👨	man	man	adult bro
1	🧔	person: beard	bearded_person	beard bearded person whiskers
1	🧔‍♂️	man: beard	man_beard	beard bearded man whiskers
1	🧔‍♀️	woman: beard	woman_beard	beard bearded whiskers woman
1	👨‍🦰	man: red hair	red_haired_man	adult bro man
1	👨‍🦱	man: curly hair	curly_haired_man	adult bro man
1	👨‍🦳	man: white hair	white_haired_man	adult bro man
1	👨‍🦲	man: bald	bald_man	adult bald bro man
1	👩	woman	woman	adult lady
1	👩‍🦰	woman: red hair	red_haired_woman	adult lady woman
1	🧑‍🦰	person: red hair	person_red_hair	adult person
1	👩‍🦱	woman: curly hair	curly_haired_woman	adult lady woman
1	🧑‍🦱	person: curly hair	person_curly_hair	adult person
1	👩‍🦳	woman: white hair	white_haired_woman	adult lady woman
1	🧑‍🦳	person: white hair	person_white_hair	adult person
1	👩‍🦲	woman: bald	bald_woman	adult bald lady woman
1	🧑‍🦲	person: bald	person_bald	adult bald person
1	👱‍♀️	woman: blond hair	blond_haired_woman blonde_woman	blond blond-haired blonde hair woman
1	👱‍♂️	man: blond hair	blond_haired_man	blond blond-haired hair man
1	🧓	older person	older_adult	adult elderly grandparent old person wise
1	👴	old man	older_man	adult bald elderly gramps grandfather grandpa man old wise
1	👵	old woman	older_woman	adult elderly grandma grandmother granny lady old wise woman
1	🙍	person frowning	frowning_person	annoyed disappointed disgruntled disturbed frown frowning frustrated gesture irritated person upset
1	🙍‍♂️	man frowning	frowning_man	annoyed disappointed disgruntled disturbed frown frowning frustrated gesture irritated man upset
1	🙍‍♀️	woman frowning	frowning_woman	annoyed disappointed disgruntled disturbed frown frowning frustrated gesture irritated upset woman
1	🙎	person pouting	pouting_face	disappointed downtrodden frown grimace person pouting scowl sulk upset whine
1	🙎‍♂️	man pouting	pouting_man	disappointed downtrodden frown grimace man pouting scowl sulk upset whine
1	🙎‍♀️	woman pouting	pouting_woman	disappointed downtrodden frown grimace pouting scowl sulk upset whine woman
1	🙅	person gesturing NO	no_good	forbidden gesture hand no not person prohibit
1	🙅‍♂️	man gesturing NO	ng_man no_good_man	forbidden gesture hand man no not prohibit
1	🙅‍♀️	woman gesturing NO	ng_woman no_good_woman	forbidden gesture hand no not prohibit woman
1	🙆	person gesturing OK	ok_person	exercise gesture gesturing hand ok omg person
1	🙆‍♂️	man gesturing OK	ok_man	exercise gesture gesturing hand man ok omg
1	🙆‍♀️	woman gesturing OK	ok_woman	exercise gesture gesturing hand ok omg woman
1	💁	person tipping hand	information_desk_person tipping_hand_person	fetch flick flip gossip hand person sarcasm sarcastic sassy seriously tipping whatever
1	💁‍♂️	man tipping hand	sassy_man tipping_hand_man	fetch flick flip gossip hand man sarcasm sarcastic sassy seriously tipping whatever
1	💁‍♀️	woman tipping hand	sassy_woman tipping_hand_woman	fetch flick flip gossip hand sarcasm sarcastic sassy seriously tipping whatever woman
1	🙋	person raising hand	raising_hand	gesture hand here know me person pick question raise raising
1	🙋‍♂️	man raising hand	raising_hand_man	gesture hand here know man me pick question raise raising
1	🙋‍♀️	woman raising hand	raising_hand_woman	gesture hand here know me pick question raise raising woman
1	🧏	deaf person	deaf_person	accessibility deaf ear gesture hear person
1	🧏‍♂️	deaf man	deaf_man	accessibility deaf ear gesture hear man
1	🧏‍♀️	deaf woman	deaf_woman	accessibility deaf ear gesture hear woman
1	🙇	person bowing	bow	apology ask beg bow bowing favor forgive gesture meditate meditation person pity regret sorry
1	🙇‍♂️	man bowing	bowing_man	apology ask beg bow bowing favor forgive gesture man meditate meditation pity regret sorry
1	🙇‍♀️	woman bowing	bowing_woman	apology ask beg bow bowing favor forgive gesture meditate meditation pity regret sorry woman
1	🤦	person facepalming	facepalm	again bewilder disbelief exasperation facepalm no not oh omg person shock smh
1	🤦‍♂️	man facepalming	man_facepalming	again bewilder disbelief exasperation facepalm man no not oh omg shock smh
1	🤦‍♀️	woman facepalming	woman_facepalming	again bewilder disbelief exasperation facepalm no not oh omg shock smh woman
1	🤷	person shrugging	shrug	doubt dunno guess idk ignorance indifference knows maybe person shrug shrugging whatever who
1	🤷‍♂️	man shrugging	man_shrugging	doubt dunno guess idk ignorance indifference knows man maybe shrug shrugging whatever who
1	🤷‍♀️	woman shrugging	woman_shrugging	doubt dunno guess idk ignorance indifference knows maybe shrug shrugging whatever who woman
1	🧑‍⚕️	health worker	health_worker	doctor health healthcare nurse therapist worker
1	👨‍⚕️	man health worker	man_health_worker	doctor health healthcare man nurse therapist worker
1	👩‍⚕️	woman health worker	woman_health_worker	doctor health healthcare nurse therapist woman worker
1	🧑‍🎓	student	student	graduate
1	👨‍🎓	man student	man_student	graduate man student
1	👩‍🎓	woman student	woman_student	graduate student woman
1	🧑‍🏫	teacher	teacher	instructor lecturer professor
1	👨‍🏫	man teacher	man_teacher	instructor lecturer man professor teacher
1	👩‍🏫	woman teacher	woman_teacher	instructor lecturer professor teacher woman
1	🧑‍⚖️	judge	judge	justice law scales
1	👨‍⚖️	man judge	man_judge	judge justice law man scales
1	👩‍⚖️	woman judge	woman_judge	judge justice law scales woman
1	🧑‍🌾	farmer	farmer	gardener rancher
1	👨‍🌾	man farmer	man_farmer	farmer gardener man rancher
1	👩‍🌾	woman farmer	woman_farmer	farmer gardener rancher woman
1	🧑‍🍳	cook	cook	chef
1	👨‍🍳	man cook	man_cook	chef cook man
1	👩‍🍳	woman cook	woman_cook	chef cook woman
1	🧑‍🔧	mechanic	mechanic	electrician plumber tradesperson
1	👨‍🔧	man mechanic	man_mechanic	electrician man mechanic plumber tradesperson
1	👩‍🔧	woman mechanic	woman_mechanic	electrician mechanic plumber tradesperson woman
1	🧑‍🏭	factory worker	factory_worker	assembly factory industrial worker
1	👨‍🏭	man factory worker	man_factory_worker	assembly factory industrial man worker
1	👩‍🏭	woman factory worker	woman_factory_worker	assembly factory industrial woman worker
1	🧑‍💼	office worker	office_worker	architect business manager office white-collar worker
1	👨‍💼	man office worker	man_office_worker	architect business man manager office white-collar worker
1	👩‍💼	woman office worker	woman_office_worker	architect business manager office white-collar woman worker
1	🧑‍🔬	scientist	scientist	biologist chemist engineer mathematician physicist
1	👨‍🔬	man scientist	man_scientist	biologist chemist engineer man mathematician physicist scientist
1	👩‍🔬	woman scientist	woman_scientist	biologist chemist engineer mathematician physicist scientist woman
1	🧑‍💻	technologist	technologist	coder computer developer inventor software
1	👨‍💻	man technologist	man_technologist	coder computer developer inventor man software technologist
1	👩‍💻	woman technologist	woman_technologist	coder computer developer inventor software technologist woman
1	🧑‍🎤	singer	singer	actor entertainer rock rockstar star
1	👨‍🎤	man singer	man_singer	actor entertainer man rock rockstar singer star
1	👩‍🎤	woman singer	woman_singer	actor entertainer rock rockstar singer star woman
1	🧑‍🎨	artist	artist	palette
1	👨‍🎨	man artist	man_artist	artist man palette
1	👩‍🎨	woman artist	woman_artist	artist palette woman
1	🧑‍✈️	pilot	pilot	plane
1	👨‍✈️	man pilot	man_pilot	man pilot plane
1	👩‍✈️	woman pilot	woman_pilot	pilot plane woman
1	🧑‍🚀	astronaut	astronaut	rocket space
1	👨‍🚀	man astronaut	man_astronaut	astronaut man rocket space
1	👩‍🚀	woman astronaut	woman_astronaut	astronaut rocket space woman
1	🧑‍🚒	firefighter	firefighter	fire firetruck
1	👨‍🚒	man firefighter	man_firefighter	fire firefighter firetruck man
1	👩‍🚒	woman firefighter	woman_firefighter	fire firefighter firetruck woman
1	👮	police officer	cop police_officer	apprehend arrest citation cop law officer over police pulled undercover
1	👮‍♂️	man police officer	policeman	apprehend arrest citation cop law man officer over police pulled undercover
1	👮‍♀️	woman police officer	policewoman	apprehend arrest citation cop law officer over police pulled undercover woman
1	🕵️	detective	detective	sleuth spy
1	🕵️‍♂️	man detective	male_detective	detective man sleuth spy
1	🕵️‍♀️	woman detective	female_detective	detective sleuth spy woman
1	💂	guard	guard	buckingham helmet london palace
1	💂‍♂️	man guard	guardsman	buckingham guard helmet london man palace
1	💂‍♀️	woman guard	guardswoman	buckingham guard helmet london palace woman
1	🥷	ninja	ninja	assassin fight fighter hidden person secret skills sly soldier stealth war
1	👷	construction worker	construction_worker	build construction fix hardhat hat man person rebuild remodel repair work worker
1	👷‍♂️	man construction worker	construction_worker_man	build construction fix hardhat hat man rebuild remodel repair work worker
1	👷‍♀️	woman construction worker	construction_worker_woman	build construction fix hardhat hat man rebuild remodel repair woman work worker
1	🫅	person with crown	person_with_crown	crown monarch noble person regal royal royalty
1	🤴	prince	prince	crown fairy fairytale fantasy king royal royalty tale
1	👸	princess	princess	crown fairy fairytale fantasy queen royal royalty tale
1	👳	person wearing turban	person_with_turban	person turban wearing
1	👳‍♂️	man wearing turban	man_with_turban	man turban wearing
1	👳‍♀️	woman wearing turban	woman_with_turban	turban wearing woman
1	👲	person with skullcap	man_with_gua_pi_mao	cap chinese gua guapi hat mao person pi skullcap
1	🧕	woman with headscarf	woman_with_headscarf	bandana head headscarf hijab kerchief mantilla tichel woman
1	🤵	person in tuxedo	person_in_tuxedo	formal person tuxedo wedding
1	🤵‍♂️	man in tuxedo	man_in_tuxedo	formal groom man tuxedo wedding
1	🤵‍♀️	woman in tuxedo	woman_in_tuxedo	formal tuxedo wedding woman
1	👰	person with veil	person_with_veil	person veil wedding
1	👰‍♂️	man with veil	man_with_veil	man veil wedding
1	👰‍♀️	woman with veil	bride_with_veil woman_with_veil	bride veil wedding woman
1	🤰	pregnant woman	pregnant_woman	pregnant woman
1	🫃	pregnant man	pregnant_man	belly bloated full man overeat pregnant
1	🫄	pregnant person	pregnant_person	belly bloated full overeat person pregnant stuffed
1	🤱	breast-feeding	breast_feeding	baby breast feeding mom mother nursing woman
1	👩‍🍼	woman feeding baby	woman_feeding_baby	baby feed feeding mom mother nanny newborn nursing woman
1	👨‍🍼	man feeding baby	man_feeding_baby	baby dad father feed feeding man nanny newborn nursing
1	🧑‍🍼	person feeding baby	person_feeding_baby	baby feed feeding nanny newborn nursing parent
1	👼	baby angel	angel	angel baby church face fairy fairytale fantasy tale
1	🎅	Santa Claus	santa	celebration christmas claus fairy fantasy father holiday merry santa tale xmas
1	🤶	Mrs. Claus	mrs_claus	celebration christmas claus fairy fantasy holiday merry mother mrs santa tale xmas
1	🧑‍🎄	Mx Claus	mx_claus	celebration christmas claus fairy fantasy holiday merry mx santa tale xmas
1	🦸	superhero	superhero	good hero superpower
1	🦸‍♂️	man superhero	superhero_man	good hero man superhero superpower
1	🦸‍♀️	woman superhero	superhero_woman	good hero heroine superhero superpower woman
1	🦹	supervillain	supervillain	bad criminal evil superpower villain
1	🦹‍♂️	man supervillain	supervillain_man	bad criminal evil man superpower supervillain villain
1	🦹‍♀️	woman supervillain	supervillain_woman	bad criminal evil superpower supervillain villain woman
1	🧙	mage	mage	fantasy magic play sorcerer sorceress sorcery spell summon witch wizard
1	🧙‍♂️	man mage	mage_man	fantasy mage magic man play sorcerer sorceress sorcery spell summon witch wizard
1	🧙‍♀️	woman mage	mage_woman	fantasy mage magic play sorcerer sorceress sorcery spell summon witch wizard woman
1	🧚	fairy	fairy	fairytale fantasy myth person pixie tale wings
1	🧚‍♂️	man fairy	fairy_man	fairy fairytale fantasy man myth oberon person pixie puck tale wings
1	🧚‍♀️	woman fairy	fairy_woman	fairy fairytale fantasy myth person pixie tale titania wings woman
1	🧛	vampire	vampire	blood dracula fangs halloween scary supernatural teeth undead
1	🧛‍♂️	man vampire	vampire_man	blood fangs halloween man scary supernatural teeth undead vampire
1	🧛‍♀️	woman vampire	vampire_woman	blood fangs halloween scary supernatural teeth undead vampire woman
1	🧜	merperson	merperson	creature fairytale folklore ocean sea siren trident
1	🧜‍♂️	merman	merman	creature fairytale folklore neptune ocean poseidon sea siren trident triton
1	🧜‍♀️	mermaid	mermaid	creature fairytale folklore merwoman ocean sea siren trident
1	🧝	elf	elf	elves enchantment fantasy folklore magic magical myth
1	🧝‍♂️	man elf	elf_man	elf elves enchantment fantasy folklore magic magical man myth
1	🧝‍♀️	woman elf	elf_woman	elf elves enchantment fantasy folklore magic magical myth woman
1	🧞	genie	genie	djinn fantasy jinn lamp myth rub wishes
1	🧞‍♂️	man genie	genie_man	djinn fantasy genie jinn lamp man myth rub wishes
1	🧞‍♀️	woman genie	genie_woman	djinn fantasy genie jinn lamp myth rub wishes woman
1	🧟	zombie	zombie	apocalypse dead halloween horror scary undead walking
1	🧟‍♂️	man zombie	zombie_man	apocalypse dead halloween horror man scary undead walking zombie
1	🧟‍♀️	woman zombie	zombie_woman	apocalypse dead halloween horror scary undead walking woman zombie
1	🧌	troll	troll	fairy fantasy monster tale trolling
1	🫈	hairy creature		bigfoot cryptid forest giant hairy sasquatch woodwose yeti
1	💆	person getting massage	massage	face getting headache massage person relax relaxing salon soothe spa tension therapy treatment
1	💆‍♂️	man getting massage	massage_man	face getting headache man massage relax relaxing salon soothe spa tension therapy treatment
1	💆‍♀️	woman getting massage	massage_woman	face getting headache massage relax relaxing salon soothe spa tension therapy treatment woman
1	💇	person getting haircut	haircut	barber beauty chop cosmetology cut groom hair haircut parlor person shears style
1	💇‍♂️	man getting haircut	haircut_man	barber beauty chop cosmetology cut groom hair haircut man parlor person shears style
1	💇‍♀️	woman getting haircut	haircut_woman	barber beauty chop cosmetology cut groom hair haircut parlor person shears style woman
1	🚶	person walking	walking	amble gait hike man pace pedestrian person stride stroll walk walking
1	🚶‍♂️	man walking	walking_man	amble gait hike man pace pedestrian stride stroll walk walking
1	🚶‍♀️	woman walking	walking_woman	amble gait hike man pace pedestrian stride stroll walk walking woman
1	🚶‍➡️	person walking: facing right		amble facing gait hike man pace pedestrian person right stride stroll walk walking
1	🚶‍♀️‍➡️	woman walking: facing right		amble facing gait hike man pace pedestrian right stride stroll walk walking woman
1	🚶‍♂️‍➡️	man walking: facing right		amble facing gait hike man pace pedestrian right stride stroll walk walking
1	🧍	person standing	standing_person	person stand standing
1	🧍‍♂️	man standing	standing_man	man stand standing
1	🧍‍♀️	woman standing	standing_woman	stand standing woman
1	🧎	person kneeling	kneeling_person	kneel kneeling knees person
1	🧎‍♂️	man kneeling	kneeling_man	kneel kneeling knees man
1	🧎‍♀️	woman kneeling	kneeling_woman	kneel kneeling knees woman
1	🧎‍➡️	person kneeling: facing right		facing kneel kneeling knees person right
1	🧎‍♀️‍➡️	woman kneeling: facing right		facing kneel kneeling knees right woman
1	🧎‍♂️‍➡️	man kneeling: facing right		facing kneel kneeling knees man right
1	🧑‍🦯	person with white cane	person_with_probing_cane	accessibility blind cane person probing white
1	🧑‍🦯‍➡️	person with white cane: facing right		accessibility blind cane facing person probing right white
1	👨‍🦯	man with white cane	man_with_probing_cane	accessibility blind cane man probing white
1	👨‍🦯‍➡️	man with white cane: facing right		accessibility blind cane facing man probing right white
1	👩‍🦯	woman with white cane	woman_with_probing_cane	accessibility blind cane probing white woman
1	👩‍🦯‍➡️	woman with white cane: facing right		accessibility blind cane facing probing right white woman
1	🧑‍🦼	person in motorized wheelchair	person_in_motorized_wheelchair	accessibility motorized person wheelchair
1	🧑‍🦼‍➡️	person in motorized wheelchair: facing right		accessibility facing motorized person right wheelchair
1	👨‍🦼	man in motorized wheelchair	man_in_motorized_wheelchair	accessibility man motorized wheelchair
1	👨‍🦼‍➡️	man in motorized wheelchair: facing right		accessibility facing man motorized right wheelchair
1	👩‍🦼	woman in motorized wheelchair	woman_in_motorized_wheelchair	accessibility motorized wheelchair woman
1	👩‍🦼‍➡️	woman in motorized wheelchair: facing right		accessibility facing motorized right wheelchair woman
1	🧑‍🦽	person in manual wheelchair	person_in_manual_wheelchair	accessibility manual person wheelchair
1	🧑‍🦽‍➡️	person in manual wheelchair: facing right		accessibility facing manual person right wheelchair
1	👨‍🦽	man in manual wheelchair	man_in_manual_wheelchair	accessibility man manual wheelchair
1	👨‍🦽‍➡️	man in manual wheelchair: facing right		accessibility facing man manual right wheelchair
1	👩‍🦽	woman in manual wheelchair	woman_in_manual_wheelchair	accessibility manual wheelchair woman
1	👩‍🦽‍➡️	woman in manual wheelchair: facing right		accessibility facing manual right wheelchair woman
1	🏃	person running	runner running	fast hurry marathon move person quick race racing run rush speed
1	🏃‍♂️	man running	running_man	fast hurry man marathon move quick race racing run rush speed
1	🏃‍♀️	woman running	running_woman	fast hurry marathon move quick race racing run rush speed woman
1	🏃‍➡️	person running: facing right		facing fast hurry marathon move person quick race racing right run rush speed
1	🏃‍♀️‍➡️	woman running: facing right		facing fast hurry marathon move quick race racing right run rush speed woman
1	🏃‍♂️‍➡️	man running: facing right		facing fast hurry man marathon move quick race racing right run rush speed
1	🧑‍🩰	ballet dancer		ballet dancer
1	💃	woman dancing	dancer woman_dancing	dance dancer dancing elegant festive flair flamenco groove let’s salsa tango woman
1	🕺	man dancing	man_dancing	dance dancer dancing elegant festive flair flamenco groove let’s man salsa tango
1	🕴️	person in suit levitating	business_suit_levitating	business levitating person suit
1	👯	people with bunny ears	dancers	bestie bff bunny counterpart dancer double ear identical pair party partying people soulmate twin twinsies
1	👯‍♂️	men with bunny ears	dancing_men	bestie bff bunny counterpart dancer double ear identical men pair party partying people soulmate twin twinsies
1	👯‍♀️	women with bunny ears	dancing_women	bestie bff bunny counterpart dancer double ear identical pair party partying people soulmate twin twinsies women
1	🧖	person in steamy room	sauna_person	day luxurious pamper person relax room sauna spa steam steambath unwind
1	🧖‍♂️	man in steamy room	sauna_man	day luxurious man pamper relax room sauna spa steam steambath unwind
1	🧖‍♀️	woman in steamy room	sauna_woman	day luxurious pamper relax room sauna spa steam steambath unwind woman
1	🧗	person climbing	climbing	climb climber climbing mountain person rock scale up
1	🧗‍♂️	man climbing	climbing_man	climb climber climbing man mountain rock scale up
1	🧗‍♀️	woman climbing	climbing_woman	climb climber climbing mountain rock scale up woman
1	🤺	person fencing	person_fencing	fencer fencing person sword
1	🏇	horse racing	horse_racing	horse jockey racehorse racing riding sport
1	⛷️	skier	skier	ski snow
1	🏂️	snowboarder	snowboarder	ski snow snowboard sport
1	🏌️	person golfing	golfing	ball birdie caddy driving golf golfing green person pga putt range tee
1	🏌️‍♂️	man golfing	golfing_man	ball birdie caddy driving golf golfing green man pga putt range tee
1	🏌️‍♀️	woman golfing	golfing_woman	ball birdie caddy driving golf golfing green pga putt range tee woman
1	🏄️	person surfing	surfer	beach ocean person sport surf surfer surfing swell waves
1	🏄‍♂️	man surfing	surfing_man	beach man ocean sport surf surfer surfing swell waves
1	🏄‍♀️	woman surfing	surfing_woman	beach ocean person sport surf surfer surfing swell waves
1	🚣	person rowing boat	rowboat	boat canoe cruise fishing lake oar paddle person raft river row rowboat rowing
1	🚣‍♂️	man rowing boat	rowing_man	boat canoe cruise fishing lake man oar paddle raft river row rowboat rowing
1	🚣‍♀️	woman rowing boat	rowing_woman	boat canoe cruise fishing lake oar paddle raft river row rowboat rowing woman
1	🏊️	person swimming	swimmer	freestyle person sport swim swimmer swimming triathlon
1	🏊‍♂️	man swimming	swimming_man	freestyle man sport swim swimmer swimming triathlon
1	🏊‍♀️	woman swimming	swimming_woman	freestyle man sport swim swimmer swimming triathlon
1	⛹️	person bouncing ball	bouncing_ball_person	athletic ball basketball bouncing championship dribble net person player throw
1	⛹️‍♂️	man bouncing ball	basketball_man bouncing_ball_man	athletic ball basketball bouncing championship dribble man net player throw
1	⛹️‍♀️	woman bouncing ball	basketball_woman bouncing_ball_woman	athletic ball basketball bouncing championship dribble net player throw woman
1	🏋️	person lifting weights	weight_lifting	barbell bodybuilder deadlift lifter lifting person powerlifting weight weightlifter weights workout
1	🏋️‍♂️	man lifting weights	weight_lifting_man	barbell bodybuilder deadlift lifter lifting man powerlifting weight weightlifter weights workout
1	🏋️‍♀️	woman lifting weights	weight_lifting_woman	barbell bodybuilder deadlift lifter lifting powerlifting weight weightlifter weights woman workout
1	🚴	person biking	bicyclist	bicycle bicyclist bike biking cycle cyclist person riding sport
1	🚴‍♂️	man biking	biking_man	bicycle bicyclist bike biking cycle cyclist man riding sport
1	🚴‍♀️	woman biking	biking_woman	bicycle bicyclist bike biking cycle cyclist riding sport woman
1	🚵	person mountain biking	mountain_bicyclist	bicycle bicyclist bike biking cycle cyclist mountain person riding sport
1	🚵‍♂️	man mountain biking	mountain_biking_man	bicycle bicyclist bike biking cycle cyclist man mountain riding sport
1	🚵‍♀️	woman mountain biking	mountain_biking_woman	bicycle bicyclist bike biking cycle cyclist mountain riding sport woman
1	🤸	person cartwheeling	cartwheeling	active cartwheel cartwheeling excited flip gymnastics happy person somersault
1	🤸‍♂️	man cartwheeling	man_cartwheeling	active cartwheel cartwheeling excited flip gymnastics happy man somersault
1	🤸‍♀️	woman cartwheeling	woman_cartwheeling	active cartwheel cartwheeling excited flip gymnastics happy somersault woman
1	🤼	people wrestling	wrestling	combat duel grapple people ring tournament wrestle wrestling
1	🤼‍♂️	men wrestling	men_wrestling	combat duel grapple men ring tournament wrestle wrestling
1	🤼‍♀️	women wrestling	women_wrestling	combat duel grapple ring tournament women wrestle wrestling
1	🤽	person playing water polo	water_polo	person playing polo sport swimming water waterpolo
1	🤽‍♂️	man playing water polo	man_playing_water_polo	man playing polo sport swimming water waterpolo
1	🤽‍♀️	woman playing water polo	woman_playing_water_polo	playing polo sport swimming water waterpolo woman
1	🤾	person playing handball	handball_person	athletics ball catch chuck handball hurl lob person pitch playing sport throw toss
1	🤾‍♂️	man playing handball	man_playing_handball	athletics ball catch chuck handball hurl lob man pitch playing sport throw toss
1	🤾‍♀️	woman playing handball	woman_playing_handball	athletics ball catch chuck handball hurl lob pitch playing sport throw toss woman
1	🤹	person juggling	juggling_person	act balance balancing handle juggle juggling manage multitask person skill
1	🤹‍♂️	man juggling	man_juggling	act balance balancing handle juggle juggling man manage multitask skill
1	🤹‍♀️	woman juggling	woman_juggling	act balance balancing handle juggle juggling manage multitask skill woman
1	🧘	person in lotus position	lotus_position	cross legged legs lotus meditation peace person position relax serenity yoga yogi zen
1	🧘‍♂️	man in lotus position	lotus_position_man	cross legged legs lotus man meditation peace position relax serenity yoga yogi zen
1	🧘‍♀️	woman in lotus position	lotus_position_woman	cross legged legs lotus meditation peace position relax serenity woman yoga yogi zen
1	🛀	person taking bath	bath	bath bathtub person taking tub
1	🛌	person in bed	sleeping_bed	bed bedtime good goodnight hotel nap night person sleep tired zzz
1	🧑‍🤝‍🧑	people holding hands	people_holding_hands	bae bestie bff couple dating flirt friends hand hold people twins
1	👭	women holding hands	two_women_holding_hands	bae bestie bff couple dating flirt friends girls hand hold sisters twins women
1	👫	woman and man holding hands	couple	bae bestie bff couple dating flirt friends hand hold man twins woman
1	👬	men holding hands	two_men_holding_hands	bae bestie bff boys brothers couple dating flirt friends hand hold men twins
1	💏	kiss	couplekiss	anniversary babe bae couple date dating heart love mwah person romance together xoxo
1	👩‍❤️‍💋‍👨	kiss: woman, man	couplekiss_man_woman	anniversary babe bae couple date dating heart kiss love man mwah person romance together woman xoxo
1	👨‍❤️‍💋‍👨	kiss: man, man	couplekiss_man_man	anniversary babe bae couple date dating heart kiss love man mwah person romance together xoxo
1	👩‍❤️‍💋‍👩	kiss: woman, woman	couplekiss_woman_woman	anniversary babe bae couple date dating heart kiss love mwah person romance together woman xoxo
1	💑	couple with heart	couple_with_heart	anniversary babe bae couple dating heart kiss love person relationship romance together you
1	👩‍❤️‍👨	couple with heart: woman, man	couple_with_heart_woman_man	anniversary babe bae couple dating heart kiss love man person relationship romance together woman you
1	👨‍❤️‍👨	couple with heart: man, man	couple_with_heart_man_man	anniversary babe bae couple dating heart kiss love man person relationship romance together you
1	👩‍❤️‍👩	couple with heart: woman, woman	couple_with_heart_woman_woman	anniversary babe bae couple dating heart kiss love person relationship romance together woman you
1	👨‍👩‍👦	family: man, woman, boy	family_man_woman_boy	boy child family man woman
1	👨‍👩‍👧	family: man, woman, girl	family_man_woman_girl	child family girl man woman
1	👨‍👩‍👧‍👦	family: man, woman, girl, boy	family_man_woman_girl_boy	boy child family girl man woman
1	👨‍👩‍👦‍👦	family: man, woman, boy, boy	family_man_woman_boy_boy	boy child family man woman
1	👨‍👩‍👧‍👧	family: man, woman, girl, girl	family_man_woman_girl_girl	child family girl man woman
1	👨‍👨‍👦	family: man, man, boy	family_man_man_boy	boy child family man
1	👨‍👨‍👧	family: man, man, girl	family_man_man_girl	child family girl man
1	👨‍👨‍👧‍👦	family: man, man, girl, boy	family_man_man_girl_boy	boy child family girl man
1	👨‍👨‍👦‍👦	family: man, man, boy, boy	family_man_man_boy_boy	boy child family man
1	👨‍👨‍👧‍👧	family: man, man, girl, girl	family_man_man_girl_girl	child family girl man
1	👩‍👩‍👦	family: woman, woman, boy	family_woman_woman_boy	boy child family woman
1	👩‍👩‍👧	family: woman, woman, girl	family_woman_woman_girl	child family girl woman
1	👩‍👩‍👧‍👦	family: woman, woman, girl, boy	family_woman_woman_girl_boy	boy child family girl woman
1	👩‍👩‍👦‍👦	family: woman, woman, boy, boy	family_woman_woman_boy_boy	boy child family woman
1	👩‍👩‍👧‍👧	family: woman, woman, girl, girl	family_woman_woman_girl_girl	child family girl woman
1	👨‍👦	family: man, boy	family_man_boy	boy child family man
1	👨‍👦‍👦	family: man, boy, boy	family_man_boy_boy	boy child family man
1	👨‍👧	family: man, girl	family_man_girl	child family girl man
1	👨‍👧‍👦	family: man, girl, boy	family_man_girl_boy	boy child family girl man
1	👨‍👧‍👧	family: man, girl, girl	family_man_girl_girl	child family girl man
1	👩‍👦	family: woman, boy	family_woman_boy	boy child family woman
1	👩‍👦‍👦	family: woman, boy, boy	family_woman_boy_boy	boy child family woman
1	👩‍👧	family: woman, girl	family_woman_girl	child family girl woman
1	👩‍👧‍👦	family: woman, girl, boy	family_woman_girl_boy	boy child family girl woman
1	👩‍👧‍👧	family: woman, girl, girl	family_woman_girl_girl	child family girl woman
1	🗣️	speaking head	speaking_head	face head silhouette speak speaking
1	👤	bust in silhouette	bust_in_silhouette	bust mysterious shadow silhouette
1	👥	busts in silhouette	busts_in_silhouette	bff bust busts everyone friend friends people silhouette
1	🫂	people hugging	people_hugging	comfort embrace farewell friendship goodbye hello hug hugging love people thanks
1	👪️	family	family	child
1	🧑‍🧑‍🧒	family: adult, adult, child		adult child family
1	🧑‍🧑‍🧒‍🧒	family: adult, adult, child, child		adult child family
1	🧑‍🧒	family: adult, child		adult child family
1	🧑‍🧒‍🧒	family: adult, child, child		adult child family
1	👣	footprints	footprints	barefoot clothing footprint omw print walk
1	🫆	fingerprint		clue crime detective forensics identity mystery print safety trace
3	🐵	monkey face	monkey_face	animal banana face monkey
3	🐒	monkey	monkey	animal banana
3	🦍	gorilla	gorilla	animal
3	🦧	orangutan	orangutan	animal ape monkey
3	🐶	dog face	dog	adorbs animal dog face pet puppies puppy
3	🐕️	dog	dog2	animal animals dogs pet
3	🦮	guide dog	guide_dog	accessibility animal blind dog guide
3	🐕‍🦺	service dog	service_dog	accessibility animal assistance dog service
3	🐩	poodle	poodle	animal dog fluffy
3	🐺	wolf	wolf	animal face
3	🦊	fox	fox_face	animal face
3	🦝	raccoon	raccoon	animal curious sly
3	🐱	cat face	cat	animal cat face kitten kitty pet
3	🐈️	cat	cat2	animal animals cats kitten pet
3	🐈‍⬛	black cat	black_cat	animal black cat feline halloween meow unlucky
3	🦁	lion	lion	alpha animal face leo mane order rawr roar safari strong zodiac
3	🐯	tiger face	tiger	animal big cat face predator tiger
3	🐅	tiger	tiger2	animal big cat predator zoo
3	🐆	leopard	leopard	animal big cat predator zoo
3	🐴	horse face	horse	animal dressage equine face farm horse horses
3	🫎	moose	moose	alces animal antlers elk mammal
3	🫏	donkey	donkey	animal ass burro hinny mammal mule stubborn
3	🐎	horse	racehorse	animal equestrian farm racehorse racing
3	🦄	unicorn	unicorn	face
3	🦓	zebra	zebra	animal stripe
3	🦌	deer	deer	animal
3	🦬	bison	bison	animal buffalo herd wisent
3	🐮	cow face	cow	animal cow face farm milk moo
3	🐂	ox	ox	animal animals bull farm taurus zodiac
3	🐃	water buffalo	water_buffalo	animal buffalo water zoo
3	🐄	cow	cow2	animal animals farm milk moo
3	🐷	pig face	pig	animal bacon face farm pig pork
3	🐖	pig	pig2	animal bacon farm pork sow
3	🐗	boar	boar	animal pig
3	🐽	pig nose	pig_nose	animal face farm nose pig smell snout
3	🐏	ram	ram	animal aries horns male sheep zodiac zoo
3	🐑	ewe	sheep	animal baa farm female fluffy lamb sheep wool
3	🐐	goat	goat	animal capricorn farm milk zodiac
3	🐪	camel	dromedary_camel	animal desert dromedary hump one
3	🐫	two-hump camel	camel	animal bactrian camel desert hump two two-hump
3	🦙	llama	llama	alpaca animal guanaco vicuña wool
3	🦒	giraffe	giraffe	animal spots
3	🐘	elephant	elephant	animal
3	🦣	mammoth	mammoth	animal extinction large tusk wooly
3	🦏	rhinoceros	rhinoceros	animal
3	🦛	hippopotamus	hippopotamus	animal hippo
3	🐭	mouse face	mouse	animal face mouse
3	🐁	mouse	mouse2	animal animals
3	🐀	rat	rat	animal
3	🐹	hamster	hamster	animal face pet
3	🐰	rabbit face	rabbit	animal bunny face pet rabbit
3	🐇	rabbit	rabbit2	animal bunny pet
3	🐿️	chipmunk	chipmunk	animal squirrel
3	🦫	beaver	beaver	animal dam teeth
3	🦔	hedgehog	hedgehog	animal spiny
3	🦇	bat	bat	animal vampire
3	🐻	bear	bear	animal face grizzly growl honey
3	🐻‍❄️	polar bear	polar_bear	animal arctic bear polar white
3	🐨	koala	koala	animal australia bear down face marsupial under
3	🐼	panda	panda_face	animal bamboo face
3	🦥	sloth	sloth	lazy slow
3	🦦	otter	otter	animal fishing playful
3	🦨	skunk	skunk	animal stink
3	🦘	kangaroo	kangaroo	animal joey jump marsupial
3	🦡	badger	badger	animal honey pester
3	🐾	paw prints	feet paw_prints	feet paw paws print prints
3	🦃	turkey	turkey	bird gobble thanksgiving
3	🐔	chicken	chicken	animal bird ornithology
3	🐓	rooster	rooster	animal bird ornithology
3	🐣	hatching chick	hatching_chick	animal baby bird chick egg hatching
3	🐤	baby chick	baby_chick	animal baby bird chick ornithology
3	🐥	front-facing baby chick	hatched_chick	animal baby bird chick front-facing newborn ornithology
3	🐦️	bird	bird	animal ornithology
3	🐧	penguin	penguin	animal antarctica bird ornithology
3	🕊️	dove	dove	bird fly ornithology peace
3	🦅	eagle	eagle	animal bird ornithology
3	🦆	duck	duck	animal bird ornithology
3	🦢	swan	swan	animal bird cygnet duckling ornithology ugly
3	🦉	owl	owl	animal bird ornithology wise
3	🦤	dodo	dodo	animal bird extinction large ornithology
3	🪶	feather	feather	bird flight light plumage
3	🦩	flamingo	flamingo	animal bird flamboyant ornithology tropical
3	🦚	peacock	peacock	animal bird colorful ornithology ostentatious peahen pretty proud
3	🦜	parrot	parrot	animal bird ornithology pirate talk
3	🪽	wing	wing	angelic ascend aviation bird fly flying heavenly mythology soar
3	🐦‍⬛	black bird	black_bird	animal beak bird black caw corvid crow ornithology raven rook
3	🪿	goose	goose	animal bird duck flock fowl gaggle gander geese honk ornithology silly
3	🐦‍🔥	phoenix		ascend ascension emerge fantasy firebird glory immortal rebirth reincarnation reinvent renewal revival revive rise transform
3	🐸	frog	frog	animal face
3	🐊	crocodile	crocodile	animal zoo
3	🐢	turtle	turtle	animal terrapin tortoise
3	🦎	lizard	lizard	animal reptile
3	🐍	snake	snake	animal bearer ophiuchus serpent zodiac
3	🐲	dragon face	dragon_face	animal dragon face fairy fairytale tale
3	🐉	dragon	dragon	animal fairy fairytale knights tale
3	🦕	sauropod	sauropod	brachiosaurus brontosaurus dinosaur diplodocus
3	🦖	T-Rex	t-rex	dinosaur rex t t-rex tyrannosaurus
3	🐳	spouting whale	whale	animal beach face ocean spouting whale
3	🐋	whale	whale2	animal beach ocean
3	🐬	dolphin	dolphin flipper	animal beach flipper ocean
3	🫍	orca		marine ocean whale
3	🦭	seal	seal	animal lion ocean sea
3	🐟️	fish	fish	animal dinner fishes fishing pisces zodiac
3	🐠	tropical fish	tropical_fish	animal fish fishes tropical
3	🐡	blowfish	blowfish	animal fish
3	🦈	shark	shark	animal fish
3	🐙	octopus	octopus	animal creature ocean
3	🐚	spiral shell	shell	animal beach conch sea shell spiral
3	🪸	coral	coral	change climate ocean reef sea
3	🪼	jellyfish	jellyfish	animal aquarium burn invertebrate jelly life marine ocean ouch plankton sea sting stinger tentacles
3	🦀	crab	crab	cancer zodiac
3	🦞	lobster	lobster	animal bisque claws seafood
3	🦐	shrimp	shrimp	food shellfish small
3	🦑	squid	squid	animal food mollusk
3	🦪	oyster	oyster	diving pearl
3	🐌	snail	snail	animal escargot garden nature slug
3	🦋	butterfly	butterfly	insect pretty
3	🐛	bug	bug	animal garden insect
3	🐜	ant	ant	animal garden insect
3	🐝	honeybee	bee honeybee	animal bee bumblebee honey insect nature spring
3	🪲	beetle	beetle	animal bug insect
3	🐞	lady beetle	lady_beetle	animal beetle garden insect lady ladybird ladybug nature
3	🦗	cricket	cricket	animal bug grasshopper insect orthoptera
3	🪳	cockroach	cockroach	animal insect pest roach
3	🕷️	spider	spider	animal insect
3	🕸️	spider web	spider_web	spider web
3	🦂	scorpion	scorpion	scorpio scorpius zodiac
3	🦟	mosquito	mosquito	bite disease fever insect malaria pest virus
3	🪰	fly	fly	animal disease insect maggot pest rotting
3	🪱	worm	worm	animal annelid earthworm parasite
3	🦠	microbe	microbe	amoeba bacteria science virus
3	💐	bouquet	bouquet	anniversary birthday date flower love plant romance
3	🌸	cherry blossom	cherry_blossom	blossom cherry flower plant spring springtime
3	💮	white flower	white_flower	flower white
3	🪷	lotus	lotus	beauty buddhism calm flower hinduism peace purity serenity
3	🏵️	rosette	rosette	plant
3	🌹	rose	rose	beauty elegant flower love plant red valentine
3	🥀	wilted flower	wilted_flower	dying flower wilted
3	🌺	hibiscus	hibiscus	flower plant
3	🌻	sunflower	sunflower	flower outdoors plant sun
3	🌼	blossom	blossom	buttercup dandelion flower plant
3	🌷	tulip	tulip	blossom flower growth plant
3	🪻	hyacinth	hyacinth	bloom bluebonnet flower indigo lavender lilac lupine plant purple shrub snapdragon spring violet
3	🌱	seedling	seedling	plant sapling sprout young
3	🪴	potted plant	potted_plant	decor grow house nurturing plant pot potted
3	🌲	evergreen tree	evergreen_tree	christmas evergreen forest pine tree
3	🌳	deciduous tree	deciduous_tree	deciduous forest green habitat shedding tree
3	🌴	palm tree	palm_tree	beach palm plant tree tropical
3	🌵	cactus	cactus	desert drought nature plant
3	🌾	sheaf of rice	ear_of_rice	ear grain grains plant rice sheaf
3	🌿	herb	herb	leaf plant
3	☘️	shamrock	shamrock	irish plant
3	🍀	four leaf clover	four_leaf_clover	4 clover four four-leaf irish leaf lucky plant
3	🍁	maple leaf	maple_leaf	falling leaf maple
3	🍂	fallen leaf	fallen_leaf	autumn fall fallen falling leaf
3	🍃	leaf fluttering in wind	leaves	blow flutter fluttering leaf wind
3	🪹	empty nest	empty_nest	branch empty home nest nesting
3	🪺	nest with eggs	nest_with_eggs	bird branch egg eggs nest nesting
3	🍄	mushroom	mushroom	fungus toadstool
3	🪾	leafless tree		bare barren branches dead drought leafless tree trunk winter wood
4	🍇	grapes	grapes	dionysus fruit grape
4	🍈	melon	melon	cantaloupe fruit
4	🍉	watermelon	watermelon	fruit
4	🍊	tangerine	mandarin orange tangerine	c citrus fruit nectarine orange vitamin
4	🍋	lemon	lemon	citrus fruit sour
4	🍋‍🟩	lime		acidity citrus cocktail fruit garnish key margarita mojito refreshing salsa sour tangy tequila tropical zest
4	🍌	banana	banana	fruit potassium
4	🍍	pineapple	pineapple	colada fruit pina tropical
4	🥭	mango	mango	food fruit tropical
4	🍎	red apple	apple	apple diet food fruit health red ripe
4	🍏	green apple	green_apple	apple fruit green
4	🍐	pear	pear	fruit
4	🍑	peach	peach	fruit
4	🍒	cherries	cherries	berries cherry fruit red
4	🍓	strawberry	strawberry	berry fruit
4	🫐	blueberries	blueberries	berries berry bilberry blue blueberry food fruit
4	🥝	kiwi fruit	kiwi_fruit	food fruit kiwi
4	🍅	tomato	tomato	food fruit vegetable
4	🫒	olive	olive	food
4	🥥	coconut	coconut	colada palm piña
4	🥑	avocado	avocado	food fruit
4	🍆	eggplant	eggplant	aubergine vegetable
4	🥔	potato	potato	food vegetable
4	🥕	carrot	carrot	food vegetable
4	🌽	ear of corn	corn	corn crops ear farm maize maze
4	🌶️	hot pepper	hot_pepper	hot pepper
4	🫑	bell pepper	bell_pepper	bell capsicum food pepper vegetable
4	🥒	cucumber	cucumber	food pickle vegetable
4	🥬	leafy green	leafy_green	bok burgers cabbage choy green kale leafy lettuce salad
4	🥦	broccoli	broccoli	cabbage wild
4	🧄	garlic	garlic	flavoring
4	🧅	onion	onion	flavoring
4	🥜	peanuts	peanuts	food nut peanut vegetable
4	🫘	beans	beans	food kidney legume small
4	🌰	chestnut	chestnut	almond plant
4	🫚	ginger root	ginger_root	beer ginger health herb natural root spice
4	🫛	pea pod	pea_pod	beans beanstalk edamame legume pea pod soybean vegetable veggie
4	🍄‍🟫	brown mushroom		food fungi fungus mushroom nature pizza portobello shiitake shroom spore sprout toppings truffle vegetable vegetarian veggie
4	🫜	root vegetable		beet food garden radish root salad turnip vegetable vegetarian
4	🍞	bread	bread	carbs food grain loaf restaurant toast wheat
4	🥐	croissant	croissant	bread breakfast crescent food french roll
4	🥖	baguette bread	baguette_bread	baguette bread food french
4	🫓	flatbread	flatbread	arepa bread food gordita lavash naan pita
4	🥨	pretzel	pretzel	convoluted twisted
4	🥯	bagel	bagel	bakery bread breakfast schmear
4	🥞	pancakes	pancakes	breakfast crêpe food hotcake pancake
4	🧇	waffle	waffle	breakfast indecisive iron
4	🧀	cheese wedge	cheese	cheese wedge
4	🍖	meat on bone	meat_on_bone	bone meat
4	🍗	poultry leg	poultry_leg	bone chicken drumstick hungry leg poultry turkey
4	🥩	cut of meat	cut_of_meat	chop cut lambchop meat porkchop red steak
4	🥓	bacon	bacon	breakfast food meat
4	🍔	hamburger	hamburger	burger eat fast food hungry
4	🍟	french fries	fries	fast food french fries
4	🍕	pizza	pizza	cheese food hungry pepperoni slice
4	🌭	hot dog	hotdog	dog frankfurter hot hotdog sausage
4	🥪	sandwich	sandwich	bread
4	🌮	taco	taco	mexican
4	🌯	burrito	burrito	mexican wrap
4	🫔	tamale	tamale	food mexican pamonha wrapped
4	🥙	stuffed flatbread	stuffed_flatbread	falafel flatbread food gyro kebab stuffed
4	🧆	falafel	falafel	chickpea meatball
4	🥚	egg	egg	breakfast food
4	🍳	cooking	fried_egg	breakfast easy egg fry frying over pan restaurant side sunny up
4	🥘	shallow pan of food	shallow_pan_of_food	casserole food paella pan shallow
4	🍲	pot of food	stew	food pot soup stew
4	🫕	fondue	fondue	cheese chocolate food melted pot ski
4	🥣	bowl with spoon	bowl_with_spoon	bowl breakfast cereal congee oatmeal porridge spoon
4	🥗	green salad	green_salad	food green salad
4	🍿	popcorn	popcorn	corn movie pop
4	🧈	butter	butter	dairy
4	🧂	salt	salt	condiment flavor mad salty shaker taste upset
4	🥫	canned food	canned_food	can canned food
4	🍱	bento box	bento	bento box food
4	🍘	rice cracker	rice_cracker	cracker food rice
4	🍙	rice ball	rice_ball	ball food japanese rice
4	🍚	cooked rice	rice	cooked food rice
4	🍛	curry rice	curry	curry food rice
4	🍜	steaming bowl	ramen	bowl chopsticks food noodle pho ramen soup steaming
4	🍝	spaghetti	spaghetti	food meatballs pasta restaurant
4	🍠	roasted sweet potato	sweet_potato	food potato roasted sweet
4	🍢	oden	oden	food kebab restaurant seafood skewer stick
4	🍣	sushi	sushi	food
4	🍤	fried shrimp	fried_shrimp	fried prawn shrimp tempura
4	🍥	fish cake with swirl	fish_cake	cake fish food pastry restaurant swirl
4	🥮	moon cake	moon_cake	autumn cake festival moon yuèbǐng
4	🍡	dango	dango	dessert japanese skewer stick sweet
4	🥟	dumpling	dumpling	empanada gyōza jiaozi pierogi potsticker
4	🥠	fortune cookie	fortune_cookie	cookie fortune prophecy
4	🥡	takeout box	takeout_box	box chopsticks delivery food oyster pail takeout
4	🍦	soft ice cream	icecream	cream dessert food ice icecream restaurant serve soft sweet
4	🍧	shaved ice	shaved_ice	dessert ice restaurant shaved sweet
4	🍨	ice cream	ice_cream	cream dessert food ice restaurant sweet
4	🍩	doughnut	doughnut	breakfast dessert donut food sweet
4	🍪	cookie	cookie	chip chocolate dessert sweet
4	🎂	birthday cake	birthday	bday birthday cake celebration dessert happy pastry sweet
4	🍰	shortcake	cake	cake dessert pastry slice sweet
4	🧁	cupcake	cupcake	bakery dessert sprinkles sugar sweet treat
4	🥧	pie	pie	apple filling fruit meat pastry pumpkin slice
4	🍫	chocolate bar	chocolate_bar	bar candy chocolate dessert halloween sweet tooth
4	🍬	candy	candy	cavities dessert halloween restaurant sweet tooth wrapper
4	🍭	lollipop	lollipop	candy dessert food restaurant sweet
4	🍮	custard	custard	dessert pudding sweet
4	🍯	honey pot	honey_pot	barrel bear food honey honeypot jar pot sweet
4	🍼	baby bottle	baby_bottle	babies baby birth born bottle drink infant milk newborn
4	🥛	glass of milk	milk_glass	drink glass milk
4	☕️	hot beverage	coffee	beverage cafe caffeine chai coffee drink hot morning steaming tea
4	🫖	teapot	teapot	brew drink food pot tea
4	🍵	teacup without handle	tea	beverage cup drink handle oolong tea teacup
4	🍶	sake	sake	bar beverage bottle cup drink restaurant
4	🍾	bottle with popping cork	champagne	bar bottle cork drink popping
4	🍷	wine glass	wine_glass	alcohol bar beverage booze club drink drinking drinks glass restaurant wine
4	🍸️	cocktail glass	cocktail	alcohol bar booze club cocktail drink drinking drinks glass mad martini men
4	🍹	tropical drink	tropical_drink	alcohol bar booze club cocktail drink drinking drinks drunk mai party tai tropical tropics
4	🍺	beer mug	beer	alcohol ale bar beer booze drink drinking drinks mug octoberfest oktoberfest pint stein summer
4	🍻	clinking beer mugs	beers	alcohol bar beer booze bottoms cheers clink clinking drinking drinks mugs
4	🥂	clinking glasses	clinking_glasses	celebrate clink clinking drink glass glasses
4	🥃	tumbler glass	tumbler_glass	glass liquor scotch shot tumbler whiskey whisky
4	🫗	pouring liquid	pouring_liquid	accident drink empty glass liquid oops pour pouring spill water
4	🥤	cup with straw	cup_with_straw	cup drink juice malt soda soft straw water
4	🧋	bubble tea	bubble_tea	boba bubble food milk pearl tea
4	🧃	beverage box	beverage_box	beverage box juice straw sweet
4	🧉	mate	mate	drink
4	🧊	ice	ice_cube	cold cube iceberg
4	🥢	chopsticks	chopsticks	hashi jeotgarak kuaizi
4	🍽️	fork and knife with plate	plate_with_cutlery	cooking dinner eat fork knife plate
4	🍴	fork and knife	fork_and_knife	breakfast breaky cooking cutlery delicious dinner eat feed food fork hungry knife lunch restaurant yum yummy
4	🥄	spoon	spoon	eat tableware
4	🔪	kitchen knife	hocho knife	chef cooking hocho kitchen knife tool weapon
4	🫙	jar	jar	condiment container empty nothing sauce store
4	🏺	amphora	amphora	aquarius cooking drink jug tool weapon zodiac
5	🌍️	globe showing Europe-Africa	earth_africa	africa earth europe europe-africa globe showing world
5	🌎️	globe showing Americas	earth_americas	americas earth globe showing world
5	🌏️	globe showing Asia-Australia	earth_asia	asia asia-australia australia earth globe showing world
5	🌐	globe with meridians	globe_with_meridians	earth globe internet meridians web world worldwide
5	🗺️	world map	world_map	map world
5	🗾	map of Japan	japan	japan map
5	🧭	compass	compass	direction magnetic navigation orienteering
5	🏔️	snow-capped mountain	mountain_snow	cold mountain snow snow-capped
5	⛰️	mountain	mountain	mountain
5	🛘	landslide		avalanche danger disaster earthquake mountain mudslide rocks
5	🌋	volcano	volcano	eruption mountain nature
5	🗻	mount fuji	mount_fuji	fuji mount mountain nature
5	🏕️	camping	camping	camping
5	🏖️	beach with umbrella	beach_umbrella	beach umbrella
5	🏜️	desert	desert	desert
5	🏝️	desert island	desert_island	desert island
5	🏞️	national park	national_park	national park
5	🏟️	stadium	stadium	stadium
5	🏛️	classical building	classical_building	building classical
5	🏗️	building construction	building_construction	building construction crane
5	🧱	brick	bricks	bricks clay mortar wall
5	🪨	rock	rock	boulder heavy solid stone tough
5	🪵	wood	wood	log lumber timber
5	🛖	hut	hut	home house roundhouse shelter yurt
5	🏘️	houses	houses	house
5	🏚️	derelict house	derelict_house	derelict home house
5	🏠️	house	house	building country heart home ranch settle simple suburban suburbia where
5	🏡	house with garden	house_with_garden	building country garden heart home house ranch settle simple suburban suburbia where
5	🏢	office building	office	building city cubical job office
5	🏣	Japanese post office	post_office	building japanese office post
5	🏤	post office	european_post_office	building european office post
5	🏥	hospital	hospital	building doctor medicine
5	🏦	bank	bank	building
5	🏨	hotel	hotel	building
5	🏩	love hotel	love_hotel	building hotel love
5	🏪	convenience store	convenience_store	24 building convenience hours store
5	🏫	school	school	building
5	🏬	department store	department_store	building department store
5	🏭️	factory	factory	building
5	🏯	Japanese castle	japanese_castle	building castle japanese
5	🏰	castle	european_castle	building european
5	💒	wedding	wedding	chapel hitched nuptials romance
5	🗼	Tokyo tower	tokyo_tower	tokyo tower
5	🗽	Statue of Liberty	statue_of_liberty	liberty new ny nyc statue york
5	⛪️	church	church	bless chapel christian cross religion
5	🕌	mosque	mosque	islam masjid muslim religion
5	🛕	hindu temple	hindu_temple	hindu temple
5	🕍	synagogue	synagogue	jew jewish judaism religion temple
5	⛩️	shinto shrine	shinto_shrine	religion shinto shrine
5	🕋	kaaba	kaaba	hajj islam muslim religion umrah
5	⛲️	fountain	fountain	fountain
5	⛺️	tent	tent	camping
5	🌁	foggy	foggy	fog
5	🌃	night with stars	night_with_stars	night star stars
5	🏙️	cityscape	cityscape	city
5	🌄	sunrise over mountains	sunrise_over_mountains	morning mountains over sun sunrise
5	🌅	sunrise	sunrise	morning nature sun
5	🌆	cityscape at dusk	city_sunset	at building city cityscape dusk evening landscape sun sunset
5	🌇	sunset	city_sunrise	building dusk sun
5	🌉	bridge at night	bridge_at_night	at bridge night
5	♨️	hot springs	hotsprings	hot hotsprings springs steaming
5	🎠	carousel horse	carousel_horse	carousel entertainment horse
5	🛝	playground slide	playground_slide	amusement park play playground playing slide sliding theme
5	🎡	ferris wheel	ferris_wheel	amusement ferris park theme wheel
5	🎢	roller coaster	roller_coaster	amusement coaster park roller theme
5	💈	barber pole	barber	barber cut fresh haircut pole shave
5	🎪	circus tent	circus_tent	circus tent
5	🚂	locomotive	steam_locomotive	caboose engine railway steam train trains travel
5	🚃	railway car	railway_car	car electric railway train tram travel trolleybus
5	🚄	high-speed train	bullettrain_side	high-speed railway shinkansen speed train
5	🚅	bullet train	bullettrain_front	bullet high-speed nose railway shinkansen speed train travel
5	🚆	train	train2	arrived choo railway
5	🚇️	metro	metro	subway travel
5	🚈	light rail	light_rail	arrived light monorail rail railway
5	🚉	station	station	railway train
5	🚊	tram	tram	trolleybus
5	🚝	monorail	monorail	vehicle
5	🚞	mountain railway	mountain_railway	car mountain railway trip
5	🚋	tram car	train	bus car tram trolley trolleybus
5	🚌	bus	bus	school vehicle
5	🚍️	oncoming bus	oncoming_bus	bus cars oncoming
5	🚎	trolleybus	trolleybus	bus tram trolley
5	🚐	minibus	minibus	bus drive van vehicle
5	🚑️	ambulance	ambulance	emergency vehicle
5	🚒	fire engine	fire_engine	engine fire truck
5	🚓	police car	police_car	5–0 car cops patrol police
5	🚔️	oncoming police car	oncoming_police_car	car oncoming police
5	🚕	taxi	taxi	cab cabbie car drive vehicle yellow
5	🚖	oncoming taxi	oncoming_taxi	cab cabbie cars drove hail oncoming taxi yellow
5	🚗	automobile	car red_car	car driving vehicle
5	🚘️	oncoming automobile	oncoming_automobile	automobile car cars drove oncoming vehicle
5	🚙	sport utility vehicle	blue_car	car drive recreational sport sportutility utility vehicle
5	🛻	pickup truck	pickup_truck	automobile car flatbed pick-up pickup transportation truck
5	🚚	delivery truck	truck	car delivery drive truck vehicle
5	🚛	articulated lorry	articulated_lorry	articulated car drive lorry move semi truck vehicle
5	🚜	tractor	tractor	vehicle
5	🏎️	racing car	racing_car	car racing zoom
5	🏍️	motorcycle	motorcycle	racing
5	🛵	motor scooter	motor_scooter	motor scooter
5	🦽	manual wheelchair	manual_wheelchair	accessibility manual wheelchair
5	🦼	motorized wheelchair	motorized_wheelchair	accessibility motorized wheelchair
5	🛺	auto rickshaw	auto_rickshaw	auto rickshaw tuk
5	🚲️	bicycle	bike	bike class cycle cycling cyclist gang ride spin spinning
5	🛴	kick scooter	kick_scooter	kick scooter
5	🛹	skateboard	skateboard	board skate skater wheels
5	🛼	roller skate	roller_skate	blades roller skate skates sport
5	🚏	bus stop	busstop	bus busstop stop
5	🛣️	motorway	motorway	highway road
5	🛤️	railway track	railway_track	railway track train
5	🛢️	oil drum	oil_drum	drum oil
5	⛽️	fuel pump	fuelpump	diesel fuel fuelpump gas gasoline pump station
5	🛞	wheel	wheel	car circle tire turn vehicle
5	🚨	police car light	rotating_light	alarm alert beacon car emergency light police revolving siren
5	🚥	horizontal traffic light	traffic_light	horizontal intersection light signal stop stoplight traffic
5	🚦	vertical traffic light	vertical_traffic_light	drove intersection light signal stop stoplight traffic vertical
5	🛑	stop sign	stop_sign	octagonal sign stop
5	🚧	construction	construction	barrier
5	⚓️	anchor	anchor	ship tool
5	🛟	ring buoy	ring_buoy	buoy float life lifesaver preserver rescue ring safety save saver swim
5	⛵️	sailboat	boat sailboat	boat resort sailing sea yacht
5	🛶	canoe	canoe	boat
5	🚤	speedboat	speedboat	billionaire boat lake luxury millionaire summer travel
5	🛳️	passenger ship	passenger_ship	passenger ship
5	⛴️	ferry	ferry	boat passenger
5	🛥️	motor boat	motor_boat	boat motor motorboat
5	🚢	ship	ship	boat passenger travel
5	✈️	airplane	airplane	aeroplane fly flying jet plane travel
5	🛩️	small airplane	small_airplane	aeroplane airplane plane small
5	🛫	airplane departure	flight_departure	aeroplane airplane check-in departure departures plane
5	🛬	airplane arrival	flight_arrival	aeroplane airplane arrival arrivals arriving landing plane
5	🪂	parachute	parachute	hang-glide parasail skydive
5	💺	seat	seat	chair
5	🚁	helicopter	helicopter	copter roflcopter travel vehicle
5	🚟	suspension railway	suspension_railway	railway suspension
5	🚠	mountain cableway	mountain_cableway	cable cableway gondola lift mountain ski
5	🚡	aerial tramway	aerial_tramway	aerial cable car gondola ropeway tramway
5	🛰️	satellite	artificial_satellite	space
5	🚀	rocket	rocket	launch rockets space travel
5	🛸	flying saucer	flying_saucer	aliens extra flying saucer terrestrial ufo
5	🛎️	bellhop bell	bellhop_bell	bell bellhop hotel
5	🧳	luggage	luggage	bag packing roller suitcase travel
5	⌛️	hourglass done	hourglass	done hourglass sand time timer
5	⏳️	hourglass not done	hourglass_flowing_sand	done flowing hourglass hours not sand timer waiting yolo
5	⌚️	watch	watch	clock time
5	⏰️	alarm clock	alarm_clock	alarm clock hours hrs late time waiting
5	⏱️	stopwatch	stopwatch	clock time
5	⏲️	timer clock	timer_clock	clock timer
5	🕰️	mantelpiece clock	mantelpiece_clock	clock mantelpiece time
5	🕛️	twelve o’clock	clock12	12 12:00 clock o’clock time twelve
5	🕧️	twelve-thirty	clock1230	12 12:30 30 clock thirty time twelve
5	🕐️	one o’clock	clock1	1 1:00 clock one o’clock time
5	🕜️	one-thirty	clock130	1 1:30 30 clock one thirty time
5	🕑️	two o’clock	clock2	2 2:00 clock o’clock time two
5	🕝️	two-thirty	clock230	2 2:30 30 clock thirty time two
5	🕒️	three o’clock	clock3	3 3:00 clock o’clock three time
5	🕞️	three-thirty	clock330	3 30 3:30 clock thirty three time
5	🕓️	four o’clock	clock4	4 4:00 clock four o’clock time
5	🕟️	four-thirty	clock430	30 4 4:30 clock four thirty time
5	🕔️	five o’clock	clock5	5 5:00 clock five o’clock time
5	🕠️	five-thirty	clock530	30 5 5:30 clock five thirty time
5	🕕️	six o’clock	clock6	6 6:00 clock o’clock six time
5	🕡️	six-thirty	clock630	30 6 6:30 clock six thirty
5	🕖️	seven o’clock	clock7	0 7 7:00 clock o’clock seven
5	🕢️	seven-thirty	clock730	30 7 7:30 clock seven thirty
5	🕗️	eight o’clock	clock8	8 8:00 clock eight o’clock time
5	🕣️	eight-thirty	clock830	30 8 8:30 clock eight thirty time
5	🕘️	nine o’clock	clock9	9 9:00 clock nine o’clock time
5	🕤️	nine-thirty	clock930	30 9 9:30 clock nine thirty time
5	🕙️	ten o’clock	clock10	0 10 10:00 clock o’clock ten
5	🕥️	ten-thirty	clock1030	10 10:30 30 clock ten thirty time
5	🕚️	eleven o’clock	clock11	11 11:00 clock eleven o’clock time
5	🕦️	eleven-thirty	clock1130	11 11:30 30 clock eleven thirty time
5	🌑	new moon	new_moon	dark moon new space
5	🌒	waxing crescent moon	waxing_crescent_moon	crescent dreams moon space waxing
5	🌓	first quarter moon	first_quarter_moon	first moon quarter space
5	🌔	waxing gibbous moon	moon waxing_gibbous_moon	gibbous moon space waxing
5	🌕️	full moon	full_moon	full moon space
5	🌖	waning gibbous moon	waning_gibbous_moon	gibbous moon space waning
5	🌗	last quarter moon	last_quarter_moon	last moon quarter space
5	🌘	waning crescent moon	waning_crescent_moon	crescent moon space waning
5	🌙	crescent moon	crescent_moon	crescent moon ramadan space
5	🌚	new moon face	new_moon_with_face	face moon new space
5	🌛	first quarter moon face	first_quarter_moon_with_face	face first moon quarter space
5	🌜️	last quarter moon face	last_quarter_moon_with_face	dreams face last moon quarter
5	🌡️	thermometer	thermometer	weather
5	☀️	sun	sunny	bright rays space sunny weather
5	🌝	full moon face	full_moon_with_face	bright face full moon
5	🌞	sun with face	sun_with_face	beach bright day face heat shine sun sunny sunshine weather
5	🪐	ringed planet	ringed_planet	planet ringed saturn saturnine
5	⭐️	star	star	astronomy medium stars white
5	🌟	glowing star	star2	glittery glow glowing night shining sparkle star win
5	🌠	shooting star	stars	falling night shooting space star
5	🌌	milky way	milky_way	milky space way
5	☁️	cloud	cloud	weather
5	⛅️	sun behind cloud	partly_sunny	behind cloud cloudy sun weather
5	⛈️	cloud with lightning and rain	cloud_with_lightning_and_rain	cloud lightning rain thunder thunderstorm
5	🌤️	sun behind small cloud	sun_behind_small_cloud	behind cloud sun weather
5	🌥️	sun behind large cloud	sun_behind_large_cloud	behind cloud sun weather
5	🌦️	sun behind rain cloud	sun_behind_rain_cloud	behind cloud rain sun weather
5	🌧️	cloud with rain	cloud_with_rain	cloud rain weather
5	🌨️	cloud with snow	cloud_with_snow	cloud cold snow weather
5	🌩️	cloud with lightning	cloud_with_lightning	cloud lightning weather
5	🌪️	tornado	tornado	cloud weather whirlwind
5	🌫️	fog	fog	cloud weather
5	🌬️	wind face	wind_face	blow cloud face wind
5	🌀	cyclone	cyclone	dizzy hurricane twister typhoon weather
5	🌈	rainbow	rainbow	gay genderqueer glbt glbtq lesbian lgbt lgbtq lgbtqia nature pride queer rain trans transgender weather
5	🌂	closed umbrella	closed_umbrella	closed clothing rain umbrella
5	☂️	umbrella	open_umbrella	clothing rain
5	☔️	umbrella with rain drops	umbrella	clothing drop drops rain umbrella weather
5	⛱️	umbrella on ground	parasol_on_ground	ground rain sun umbrella
5	⚡️	high voltage	zap	danger electric electricity high lightning nature thunder thunderbolt voltage zap
5	❄️	snowflake	snowflake	cold snow weather
5	☃️	snowman	snowman_with_snow	cold man snow
5	⛄️	snowman without snow	snowman	cold man snow snowman
5	☄️	comet	comet	space
5	🔥	fire	fire	af burn flame hot lit litaf tool
5	💧	droplet	droplet	cold comic drop nature sad sweat tear water weather
5	🌊	water wave	ocean	nature ocean surf surfer surfing water wave
6	🎃	jack-o-lantern	jack_o_lantern	celebration halloween jack lantern pumpkin
6	🎄	Christmas tree	christmas_tree	celebration christmas tree
6	🎆	fireworks	fireworks	boom celebration entertainment yolo
6	🎇	sparkler	sparkler	boom celebration fireworks sparkle
6	🧨	firecracker	firecracker	dynamite explosive fire fireworks light pop popping spark
6	✨️	sparkles	sparkles	* magic sparkle star
6	🎈	balloon	balloon	birthday celebrate celebration
6	🎉	party popper	tada	awesome birthday celebrate celebration excited hooray party popper tada woohoo
6	🎊	confetti ball	confetti_ball	ball celebrate celebration confetti party woohoo
6	🎋	tanabata tree	tanabata_tree	banner celebration japanese tanabata tree
6	🎍	pine decoration	bamboo	bamboo celebration decoration japanese pine plant
6	🎎	Japanese dolls	dolls	celebration doll dolls festival japanese
6	🎏	carp streamer	flags	carp celebration streamer
6	🎐	wind chime	wind_chime	bell celebration chime wind
6	🎑	moon viewing ceremony	rice_scene	celebration ceremony moon viewing
6	🧧	red envelope	red_envelope	envelope gift good hóngbāo lai luck money red see
6	🎀	ribbon	ribbon	celebration
6	🎁	wrapped gift	gift	birthday bow box celebration christmas gift present surprise wrapped
6	🎗️	reminder ribbon	reminder_ribbon	celebration reminder ribbon
6	🎟️	admission tickets	tickets	admission ticket tickets
6	🎫	ticket	ticket	admission stub
6	🎖️	military medal	medal_military	award celebration medal military
6	🏆️	trophy	trophy	champion champs prize slay sport victory win winning
6	🏅	sports medal	medal_sports	award gold medal sports winner
6	🥇	1st place medal	1st_place_medal	1st first gold medal place
6	🥈	2nd place medal	2nd_place_medal	2nd medal place second silver
6	🥉	3rd place medal	3rd_place_medal	3rd bronze medal place third
6	⚽️	soccer ball	soccer	ball football futbol soccer sport
6	⚾️	baseball	baseball	ball sport
6	🥎	softball	softball	ball glove sports underarm
6	🏀	basketball	basketball	ball hoop sport
6	🏐	volleyball	volleyball	ball game
6	🏈	american football	football	american ball bowl football sport super
6	🏉	rugby football	rugby_football	ball football rugby sport
6	🎾	tennis	tennis	ball racquet sport
6	🥏	flying disc	flying_disc	disc flying ultimate
6	🎳	bowling	bowling	ball game sport strike
6	🏏	cricket game	cricket_game	ball bat cricket game
6	🏑	field hockey	field_hockey	ball field game hockey stick
6	🏒	ice hockey	ice_hockey	game hockey ice puck stick
6	🥍	lacrosse	lacrosse	ball goal sports stick
6	🏓	ping pong	ping_pong	ball bat game paddle ping pingpong pong table tennis
6	🏸	badminton	badminton	birdie game racquet shuttlecock
6	🥊	boxing glove	boxing_glove	boxing glove
6	🥋	martial arts uniform	martial_arts_uniform	arts judo karate martial taekwondo uniform
6	🥅	goal net	goal_net	goal net
6	⛳️	flag in hole	golf	flag golf hole sport
6	⛸️	ice skate	ice_skate	ice skate skating
6	🎣	fishing pole	fishing_pole_and_fish	entertainment fish fishing pole sport
6	🤿	diving mask	diving_mask	diving mask scuba snorkeling
6	🎽	running shirt	running_shirt_with_sash	athletics running sash shirt
6	🎿	skis	ski	ski snow sport
6	🛷	sled	sled	luge sledge sleigh snow toboggan
6	🥌	curling stone	curling_stone	curling game rock stone
6	🎯	bullseye	dart	bull dart direct entertainment game hit target
6	🪀	yo-yo	yo_yo	fluctuate toy
6	🪁	kite	kite	fly soar
6	🔫	water pistol	gun	gun handgun pistol revolver tool water weapon
6	🎱	pool 8 ball	8ball	8 8ball ball billiard eight game pool
6	🔮	crystal ball	crystal_ball	ball crystal fairy fairytale fantasy fortune future magic tale tool
6	🪄	magic wand	magic_wand	magic magician wand witch wizard
6	🎮️	video game	video_game	controller entertainment game video
6	🕹️	joystick	joystick	game video videogame
6	🎰	slot machine	slot_machine	casino gamble gambling game machine slot slots
6	🎲	game die	game_die	dice die entertainment game
6	🧩	puzzle piece	jigsaw	clue interlocking jigsaw piece puzzle
6	🧸	teddy bear	teddy_bear	bear plaything plush stuffed teddy toy
6	🪅	piñata	pinata	candy celebrate celebration cinco de festive mayo party pinada pinata
6	🪩	mirror ball	mirror_ball	ball dance disco glitter mirror party
6	🪆	nesting dolls	nesting_dolls	babooshka baboushka babushka doll dolls matryoshka nesting russia
6	♠️	spade suit	spades	card game spade suit
6	♥️	heart suit	hearts	card emotion game heart hearts suit
6	♦️	diamond suit	diamonds	card diamond game suit
6	♣️	club suit	clubs	card club clubs game suit
6	♟️	chess pawn	chess_pawn	chess dupe expendable pawn
6	🃏	joker	black_joker	card game wildcard
6	🀄️	mahjong red dragon	mahjong	dragon game mahjong red
6	🎴	flower playing cards	flower_playing_cards	card cards flower game japanese playing
6	🎭️	performing arts	performing_arts	actor actress art arts entertainment mask performing theater theatre thespian
6	🖼️	framed picture	framed_picture	art frame framed museum painting picture
6	🎨	artist palette	art	art artist artsy arty colorful creative entertainment museum painter painting palette
6	🧵	thread	thread	needle sewing spool string
6	🪡	sewing needle	sewing_needle	embroidery needle sew sewing stitches sutures tailoring thread
6	🧶	yarn	yarn	ball crochet knit
6	🪢	knot	knot	cord rope tangled tie twine twist
7	👓️	glasses	eyeglasses	clothing eye eyeglasses eyewear
7	🕶️	sunglasses	dark_sunglasses	dark eye eyewear glasses
7	🥽	goggles	goggles	dive eye protection scuba swimming welding
7	🥼	lab coat	lab_coat	clothes coat doctor dr experiment jacket lab scientist white
7	🦺	safety vest	safety_vest	emergency safety vest
7	👔	necktie	necktie	clothing employed serious shirt tie
7	👕	t-shirt	shirt tshirt	blue casual clothes clothing collar dressed shirt shopping tshirt weekend
7	👖	jeans	jeans	blue casual clothes clothing denim dressed pants shopping trousers weekend
7	🧣	scarf	scarf	bundle cold neck up
7	🧤	gloves	gloves	hand
7	🧥	coat	coat	brr bundle cold jacket up
7	🧦	socks	socks	stocking
7	👗	dress	dress	clothes clothing dressed fancy shopping
7	👘	kimono	kimono	clothing comfortable
7	🥻	sari	sari	clothing dress
7	🩱	one-piece swimsuit	one_piece_swimsuit	bathing one-piece suit swimsuit
7	🩲	briefs	swim_brief	bathing one-piece suit swimsuit underwear
7	🩳	shorts	shorts	bathing pants suit swimsuit underwear
7	👙	bikini	bikini	bathing beach clothing pool suit swim
7	👚	woman’s clothes	womans_clothes	blouse clothes clothing collar dress dressed lady shirt shopping woman woman’s
7	🪭	folding hand fan	folding_hand_fan	clack clap cool cooling dance fan flirt flutter folding hand hot shy
7	👛	purse	purse	clothes clothing coin dress fancy handbag shopping
7	👜	handbag	handbag	bag clothes clothing dress lady purse shopping
7	👝	clutch bag	pouch	bag clothes clothing clutch dress handbag pouch purse
7	🛍️	shopping bags	shopping	bag bags hotel shopping
7	🎒	backpack	school_satchel	backpacking bag bookbag education rucksack satchel school
7	🩴	thong sandal	thong_sandal	beach flip flop sandal sandals shoe thong thongs zōri
7	👞	man’s shoe	mans_shoe shoe	brown clothes clothing feet foot kick man man’s shoe shoes shopping
7	👟	running shoe	athletic_shoe	athletic clothes clothing fast kick running shoe shoes shopping sneaker tennis
7	🥾	hiking boot	hiking_boot	backpacking boot brown camping hiking outdoors shoe
7	🥿	flat shoe	flat_shoe	ballet comfy flat flats shoe slip-on slipper
7	👠	high-heeled shoe	high_heel	clothes clothing dress fashion heel heels high-heeled shoe shoes shopping stiletto woman
7	👡	woman’s sandal	sandal	clothing sandal shoe woman woman’s
7	🩰	ballet shoes	ballet_shoes	ballet dance shoes
7	👢	woman’s boot	boot	boot clothes clothing dress shoe shoes shopping woman woman’s
7	🪮	hair pick	hair_pick	afro comb groom hair pick
7	👑	crown	crown	clothing family king medieval queen royal royalty win
7	👒	woman’s hat	womans_hat	clothes clothing garden hat hats party woman woman’s
7	🎩	top hat	tophat	clothes clothing fancy formal hat magic top tophat
7	🎓️	graduation cap	mortar_board	cap celebration clothing education graduation hat scholar
7	🧢	billed cap	billed_cap	baseball bent billed cap dad hat
7	🪖	military helmet	military_helmet	army helmet military soldier war warrior
7	⛑️	rescue worker’s helmet	rescue_worker_helmet	aid cross face hat helmet rescue worker’s
7	📿	prayer beads	prayer_beads	beads clothing necklace prayer religion
7	💄	lipstick	lipstick	cosmetics date makeup
7	💍	ring	ring	diamond engaged engagement married romance shiny sparkling wedding
7	💎	gem stone	gem	diamond engagement gem jewel money romance stone wedding
7	🔇	muted speaker	mute	mute muted quiet silent sound speaker
7	🔈️	speaker low volume	speaker	low soft sound speaker volume
7	🔉	speaker medium volume	sound	medium sound speaker volume
7	🔊	speaker high volume	loud_sound	high loud music sound speaker volume
7	📢	loudspeaker	loudspeaker	address communication loud public sound
7	📣	megaphone	mega	cheering sound
7	📯	postal horn	postal_horn	horn post postal
7	🔔	bell	bell	break church sound
7	🔕	bell with slash	no_bell	bell forbidden mute no not prohibited quiet silent slash sound
7	🎼	musical score	musical_score	music musical note score
7	🎵	musical note	musical_note	music musical note sound
7	🎶	musical notes	notes	music musical note notes sound
7	🎙️	studio microphone	studio_microphone	mic microphone music studio
7	🎚️	level slider	level_slider	level music slider
7	🎛️	control knobs	control_knobs	control knobs music
7	🎤	microphone	microphone	karaoke mic music sing sound
7	🎧️	headphone	headphones	earbud sound
7	📻️	radio	radio	entertainment tbt video
7	🎷	saxophone	saxophone	instrument music sax
7	🎺	trumpet	trumpet	instrument music
7	🪊	trombone		brass instrument jazz music sad slide
7	🪗	accordion	accordion	box concertina instrument music squeeze squeezebox
7	🎸	guitar	guitar	instrument music strat
7	🎹	musical keyboard	musical_keyboard	instrument keyboard music musical piano
7	🎻	violin	violin	instrument music
7	🪕	banjo	banjo	music stringed
7	🥁	drum	drum	drumsticks music
7	🪘	long drum	long_drum	beat conga drum instrument long rhythm
7	🪇	maracas	maracas	cha dance instrument music party percussion rattle shake shaker
7	🪈	flute	flute	band fife flautist instrument marching music orchestra piccolo pipe recorder woodwind
7	🪉	harp		cupid instrument love music orchestra
7	📱	mobile phone	iphone	cell communication mobile phone telephone
7	📲	mobile phone with arrow	calling	arrow build call cell communication mobile phone receive telephone
7	☎️	telephone	phone telephone	phone
7	📞	telephone receiver	telephone_receiver	communication phone receiver telephone voip
7	📟️	pager	pager	communication
7	📠	fax machine	fax	communication fax machine
7	🔋	battery	battery	battery
7	🪫	low battery	low_battery	battery drained electronic energy low power
7	🔌	electric plug	electric_plug	electric electricity plug
7	💻️	laptop	computer	computer office pc personal
7	🖥️	desktop computer	desktop_computer	computer desktop monitor
7	🖨️	printer	printer	computer
7	⌨️	keyboard	keyboard	computer
7	🖱️	computer mouse	computer_mouse	computer mouse
7	🖲️	trackball	trackball	computer
7	💽	computer disk	minidisc	computer disk minidisk optical
7	💾	floppy disk	floppy_disk	computer disk floppy
7	💿️	optical disk	cd	blu-ray cd computer disk dvd optical
7	📀	dvd	dvd	blu-ray cd computer disk optical
7	🧮	abacus	abacus	calculation calculator
7	🎥	movie camera	movie_camera	bollywood camera cinema film hollywood movie record
7	🎞️	film frames	film_strip	cinema film frames movie
7	📽️	film projector	film_projector	cinema film movie projector video
7	🎬️	clapper board	clapper	action board clapper movie
7	📺️	television	tv	tv video
7	📷️	camera	camera	photo selfie snap tbt trip video
7	📸	camera with flash	camera_flash	camera flash video
7	📹️	video camera	video_camera	camcorder camera tbt video
7	📼	videocassette	vhs	old school tape vcr vhs video
7	🔍️	magnifying glass tilted left	mag	glass lab left left-pointing magnifying science search tilted tool
7	🔎	magnifying glass tilted right	mag_right	contact glass lab magnifying right right-pointing science search tilted tool
7	🕯️	candle	candle	light
7	💡	light bulb	bulb	bulb comic electric idea light
7	🔦	flashlight	flashlight	electric light tool torch
7	🏮	red paper lantern	izakaya_lantern lantern	bar lantern light paper red restaurant
7	🪔	diya lamp	diya_lamp	diya lamp light oil
7	📔	notebook with decorative cover	notebook_with_decorative_cover	book cover decorated decorative education notebook school writing
7	📕	closed book	closed_book	book closed education
7	📖	open book	book open_book	book education fantasy knowledge library novels open reading
7	📗	green book	green_book	book education fantasy green library reading
7	📘	blue book	blue_book	blue book education fantasy library reading
7	📙	orange book	orange_book	book education fantasy library orange reading
7	📚️	books	books	book education fantasy knowledge library novels reading school study
7	📓	notebook	notebook	notebook
7	📒	ledger	ledger	notebook
7	📃	page with curl	page_with_curl	curl document page paper
7	📜	scroll	scroll	paper
7	📄	page facing up	page_facing_up	document facing page paper up
7	📰	newspaper	newspaper	communication news paper
7	🗞️	rolled-up newspaper	newspaper_roll	news newspaper paper rolled rolled-up
7	📑	bookmark tabs	bookmark_tabs	bookmark mark marker tabs
7	🔖	bookmark	bookmark	mark
7	🏷️	label	label	tag
7	🪙	coin	coin	dollar euro gold metal money rich silver treasure
7	💰️	money bag	moneybag	bag bank bet billion cash cost dollar gold million money moneybag paid paying pot rich win
7	🪎	treasure chest		gem gold jewels loot money prize silver valuables wealth
7	💴	yen banknote	yen	bank banknote bill currency money note yen
7	💵	dollar banknote	dollar	bank banknote bill currency dollar money note
7	💶	euro banknote	euro	100 bank banknote bill currency euro money note rich
7	💷	pound banknote	pound	bank banknote bill billion cash currency money note pound pounds
7	💸	money with wings	money_with_wings	bank banknote bill billion cash dollar fly million money note pay wings
7	💳️	credit card	credit_card	bank card cash charge credit money pay
7	🧾	receipt	receipt	accounting bookkeeping evidence invoice proof
7	💹	chart increasing with yen	chart	bank chart currency graph growth increasing market money rise trend upward yen
7	✉️	envelope	envelope	e-mail email letter
7	📧	e-mail	e-mail email	email letter mail
7	📨	incoming envelope	incoming_envelope	delivering e-mail email envelope incoming letter mail receive sent
7	📩	envelope with arrow	envelope_with_arrow	arrow communication down e-mail email envelope letter mail outgoing send sent
7	📤️	outbox tray	outbox_tray	box email letter mail outbox sent tray
7	📥️	inbox tray	inbox_tray	box email inbox letter mail receive tray zero
7	📦️	package	package	box communication delivery parcel shipping
7	📫️	closed mailbox with raised flag	mailbox	closed communication flag mail mailbox postbox raised
7	📪️	closed mailbox with lowered flag	mailbox_closed	closed flag lowered mail mailbox postbox
7	📬️	open mailbox with raised flag	mailbox_with_mail	flag mail mailbox open postbox raised
7	📭️	open mailbox with lowered flag	mailbox_with_no_mail	flag lowered mail mailbox open postbox
7	📮	postbox	postbox	mail mailbox
7	🗳️	ballot box with ballot	ballot_box	ballot box
7	✏️	pencil	pencil2	pencil
7	✒️	black nib	black_nib	black nib pen
7	🖋️	fountain pen	fountain_pen	fountain pen
7	🖊️	pen	pen	ballpoint
7	🖌️	paintbrush	paintbrush	painting
7	🖍️	crayon	crayon	crayon
7	📝	memo	memo pencil	communication media notes pencil
7	💼	briefcase	briefcase	office
7	📁	file folder	file_folder	file folder
7	📂	open file folder	open_file_folder	file folder open
7	🗂️	card index dividers	card_index_dividers	card dividers index
7	📅	calendar	date	date
7	📆	tear-off calendar	calendar	calendar tear-off
7	🗒️	spiral notepad	spiral_notepad	note notepad pad spiral
7	🗓️	spiral calendar	spiral_calendar	calendar pad spiral
7	📇	card index	card_index	card index old rolodex school
7	📈	chart increasing	chart_with_upwards_trend	chart data graph growth increasing right trend up upward
7	📉	chart decreasing	chart_with_downwards_trend	chart data decreasing down downward graph negative trend
7	📊	bar chart	bar_chart	bar chart data graph
7	📋️	clipboard	clipboard	do list notes
7	📌	pushpin	pushpin	collage pin
7	📍	round pushpin	round_pushpin	location map pin pushpin round
7	📎	paperclip	paperclip	paperclip
7	🖇️	linked paperclips	paperclips	link linked paperclip paperclips
7	📏	straight ruler	straight_ruler	angle edge math ruler straight straightedge
7	📐	triangular ruler	triangular_ruler	angle math rule ruler set slide triangle triangular
7	✂️	scissors	scissors	cut cutting paper tool
7	🗃️	card file box	card_file_box	box card file
7	🗄️	file cabinet	file_cabinet	cabinet file filing paper
7	🗑️	wastebasket	wastebasket	can garbage trash waste
7	🔒️	locked	lock	closed lock private
7	🔓️	unlocked	unlock	cracked lock open unlock
7	🔏	locked with pen	lock_with_ink_pen	ink lock locked nib pen privacy
7	🔐	locked with key	closed_lock_with_key	bike closed key lock locked secure
7	🔑	key	key	keys lock major password unlock
7	🗝️	old key	old_key	clue key lock old
7	🔨	hammer	hammer	home improvement repairs tool
7	🪓	axe	axe	ax chop hatchet split wood
7	⛏️	pick	pick	hammer mining tool
7	⚒️	hammer and pick	hammer_and_pick	hammer pick tool
7	🛠️	hammer and wrench	hammer_and_wrench	hammer spanner tool wrench
7	🗡️	dagger	dagger	knife weapon
7	⚔️	crossed swords	crossed_swords	crossed swords weapon
7	💣️	bomb	bomb	boom comic dangerous explosion hot
7	🪃	boomerang	boomerang	rebound repercussion weapon
7	🏹	bow and arrow	bow_and_arrow	archer archery arrow bow sagittarius tool weapon zodiac
7	🛡️	shield	shield	weapon
7	🪚	carpentry saw	carpentry_saw	carpenter carpentry cut lumber saw tool trim
7	🔧	wrench	wrench	home improvement spanner tool
7	🪛	screwdriver	screwdriver	flathead handy screw tool
7	🔩	nut and bolt	nut_and_bolt	bolt home improvement nut tool
7	⚙️	gear	gear	cog cogwheel tool
7	🗜️	clamp	clamp	compress tool vice
7	⚖️	balance scale	balance_scale	balance justice libra scale scales tool weight zodiac
7	🦯	white cane	probing_cane	accessibility blind cane probing white
7	🔗	link	link	links
7	⛓️‍💥	broken chain		break breaking broken chain cuffs freedom
7	⛓️	chains	chains	chain
7	🪝	hook	hook	catch crook curve ensnare point selling
7	🧰	toolbox	toolbox	box chest mechanic red tool
7	🧲	magnet	magnet	attraction horseshoe magnetic negative positive shape u
7	🪜	ladder	ladder	climb rung step
7	🪏	shovel		bury dig garden hole plant scoop snow spade
7	⚗️	alembic	alembic	chemistry tool
7	🧪	test tube	test_tube	chemist chemistry experiment lab science test tube
7	🧫	petri dish	petri_dish	bacteria biologist biology culture dish lab petri
7	🧬	dna	dna	biologist evolution gene genetics life
7	🔬	microscope	microscope	experiment lab science tool
7	🔭	telescope	telescope	contact extraterrestrial science tool
7	📡	satellite antenna	satellite	aliens antenna contact dish satellite science
7	💉	syringe	syringe	doctor flu medicine needle shot sick tool vaccination
7	🩸	drop of blood	drop_of_blood	bleed blood donation drop injury medicine menstruation
7	💊	pill	pill	doctor drugs medicated medicine pills sick vitamin
7	🩹	adhesive bandage	adhesive_bandage	adhesive bandage
7	🩼	crutch	crutch	aid cane disability help hurt injured mobility stick
7	🩺	stethoscope	stethoscope	doctor heart medicine
7	🩻	x-ray	x_ray	bones doctor medical skeleton skull xray
7	🚪	door	door	back closet front
7	🛗	elevator	elevator	accessibility hoist lift
7	🪞	mirror	mirror	makeup reflection reflector speculum
7	🪟	window	window	air frame fresh opening transparent view
7	🛏️	bed	bed	hotel sleep
7	🛋️	couch and lamp	couch_and_lamp	couch hotel lamp
7	🪑	chair	chair	seat sit
7	🚽	toilet	toilet	bathroom
7	🪠	plunger	plunger	cup force plumber poop suction toilet
7	🚿	shower	shower	water
7	🛁	bathtub	bathtub	bath
7	🪤	mouse trap	mouse_trap	bait cheese lure mouse mousetrap snare trap
7	🪒	razor	razor	sharp shave
7	🧴	lotion bottle	lotion_bottle	bottle lotion moisturizer shampoo sunscreen
7	🧷	safety pin	safety_pin	diaper pin punk rock safety
7	🧹	broom	broom	cleaning sweeping witch
7	🧺	basket	basket	farming laundry picnic
7	🧻	roll of paper	roll_of_paper	paper roll toilet towels
7	🪣	bucket	bucket	cask pail vat
7	🧼	soap	soap	bar bathing clean cleaning lather soapdish
7	🫧	bubbles	bubbles	bubble burp clean floating pearl soap underwater
7	🪥	toothbrush	toothbrush	bathroom brush clean dental hygiene teeth toiletry
7	🧽	sponge	sponge	absorbing cleaning porous soak
7	🧯	fire extinguisher	fire_extinguisher	extinguish extinguisher fire quench
7	🛒	shopping cart	shopping_cart	cart shopping trolley
7	🚬	cigarette	smoking	smoking
7	⚰️	coffin	coffin	dead death vampire
7	🪦	headstone	headstone	cemetery dead grave graveyard memorial rip tomb tombstone
7	⚱️	funeral urn	funeral_urn	ashes death funeral urn
7	🧿	nazar amulet	nazar_amulet	amulet bead blue charm evil-eye nazar talisman
7	🪬	hamsa	hamsa	amulet fatima fortune guide hand mary miriam palm protect protection
7	🗿	moai	moyai	face moyai statue stoneface travel
7	🪧	placard	placard	card demonstration notice picket plaque protest sign
7	🪪	identification card	identification_card	card credentials document id identification license security
8	🏧	ATM sign	atm	atm automated bank cash money sign teller
8	🚮	litter in bin sign	put_litter_in_its_place	bin litter litterbin sign
8	🚰	potable water	potable_water	drinking potable water
8	♿️	wheelchair symbol	wheelchair	access handicap symbol wheelchair
8	🚹️	men’s room	mens	bathroom lavatory man men’s restroom room toilet wc
8	🚺️	women’s room	womens	bathroom lavatory restroom room toilet wc woman women’s
8	🚻	restroom	restroom	bathroom lavatory toilet wc
8	🚼️	baby symbol	baby_symbol	baby changing symbol
8	🚾	water closet	wc	bathroom closet lavatory restroom toilet water wc
8	🛂	passport control	passport_control	control passport
8	🛃	customs	customs	packing
8	🛄	baggage claim	baggage_claim	arrived baggage bags case checked claim journey packing plane ready travel trip
8	🛅	left luggage	left_luggage	baggage case left locker luggage
8	⚠️	warning	warning	caution
8	🚸	children crossing	children_crossing	child children crossing pedestrian traffic
8	⛔️	no entry	no_entry	do entry fail forbidden no not pass prohibited traffic
8	🚫	prohibited	no_entry_sign	entry forbidden no not smoke
8	🚳	no bicycles	no_bicycles	bicycle bicycles bike forbidden no not prohibited
8	🚭️	no smoking	no_smoking	forbidden no not prohibited smoke smoking
8	🚯	no littering	do_not_litter	forbidden litter littering no not prohibited
8	🚱	non-potable water	non-potable_water	dry non-drinking non-potable prohibited water
8	🚷	no pedestrians	no_pedestrians	forbidden no not pedestrian pedestrians prohibited
8	📵	no mobile phones	no_mobile_phones	cell forbidden mobile no not phone phones prohibited telephone
8	🔞	no one under eighteen	underage	18 age eighteen forbidden no not one prohibited restriction underage
8	☢️	radioactive	radioactive	sign
8	☣️	biohazard	biohazard	sign
8	⬆️	up arrow	arrow_up	arrow cardinal direction north up
8	↗️	up-right arrow	arrow_upper_right	arrow direction intercardinal northeast up-right
8	➡️	right arrow	arrow_right	arrow cardinal direction east right
8	↘️	down-right arrow	arrow_lower_right	arrow direction down-right intercardinal southeast
8	⬇️	down arrow	arrow_down	arrow cardinal direction down south
8	↙️	down-left arrow	arrow_lower_left	arrow direction down-left intercardinal southwest
8	⬅️	left arrow	arrow_left	arrow cardinal direction left west
8	↖️	up-left arrow	arrow_upper_left	arrow direction intercardinal northwest up-left
8	↕️	up-down arrow	arrow_up_down	arrow up-down
8	↔️	left-right arrow	left_right_arrow	arrow left-right
8	↩️	right arrow curving left	leftwards_arrow_with_hook	arrow curving left right
8	↪️	left arrow curving right	arrow_right_hook	arrow curving left right
8	⤴️	right arrow curving up	arrow_heading_up	arrow curving right up
8	⤵️	right arrow curving down	arrow_heading_down	arrow curving down right
8	🔃	clockwise vertical arrows	arrows_clockwise	arrow arrows clockwise refresh reload vertical
8	🔄	counterclockwise arrows button	arrows_counterclockwise	again anticlockwise arrow arrows button counterclockwise deja refresh rewindershins vu
8	🔙	BACK arrow	back	arrow back
8	🔚	END arrow	end	arrow end
8	🔛	ON! arrow	on	arrow mark on!
8	🔜	SOON arrow	soon	arrow brb omw soon
8	🔝	TOP arrow	top	arrow homie top up
8	🛐	place of worship	place_of_worship	place pray religion worship
8	⚛️	atom symbol	atom_symbol	atheist atom symbol
8	🕉️	om	om	hindu religion
8	✡️	star of David	star_of_david	david jew jewish judaism religion star
8	☸️	wheel of dharma	wheel_of_dharma	buddhist dharma religion wheel
8	☯️	yin yang	yin_yang	difficult lives religion tao taoist total yang yin yinyang
8	✝️	latin cross	latin_cross	christ christian cross latin religion
8	☦️	orthodox cross	orthodox_cross	christian cross orthodox religion
8	☪️	star and crescent	star_and_crescent	crescent islam muslim ramadan religion star
8	☮️	peace symbol	peace_symbol	healing peace peaceful symbol
8	🕎	menorah	menorah	candelabrum candlestick hanukkah jewish judaism religion
8	🔯	dotted six-pointed star	six_pointed_star	dotted fortune jewish judaism six-pointed star
8	🪯	khanda	khanda	deg fateh khalsa religion sikh sikhism tegh
8	♈️	Aries	aries	aries horoscope ram zodiac
8	♉️	Taurus	taurus	bull horoscope ox taurus zodiac
8	♊️	Gemini	gemini	gemini horoscope twins zodiac
8	♋️	Cancer	cancer	cancer crab horoscope zodiac
8	♌️	Leo	leo	horoscope leo lion zodiac
8	♍️	Virgo	virgo	horoscope virgo zodiac
8	♎️	Libra	libra	balance horoscope justice libra scales zodiac
8	♏️	Scorpio	scorpius	horoscope scorpio scorpion scorpius zodiac
8	♐️	Sagittarius	sagittarius	archer horoscope sagittarius zodiac
8	♑️	Capricorn	capricorn	capricorn goat horoscope zodiac
8	♒️	Aquarius	aquarius	aquarius bearer horoscope water zodiac
8	♓️	Pisces	pisces	fish horoscope pisces zodiac
8	⛎️	Ophiuchus	ophiuchus	bearer ophiuchus serpent snake zodiac
8	🔀	shuffle tracks button	twisted_rightwards_arrows	arrow button crossed shuffle tracks
8	🔁	repeat button	repeat	arrow button clockwise repeat
8	🔂	repeat single button	repeat_one	arrow button clockwise once repeat single
8	▶️	play button	arrow_forward	arrow button play right triangle
8	⏩️	fast-forward button	fast_forward	arrow button double fast fast-forward forward
8	⏭️	next track button	next_track_button	arrow button next scene track triangle
8	⏯️	play or pause button	play_or_pause_button	arrow button pause play right triangle
8	◀️	reverse button	arrow_backward	arrow button left reverse triangle
8	⏪️	fast reverse button	rewind	arrow button double fast reverse rewind
8	⏮️	last track button	previous_track_button	arrow button last previous scene track triangle
8	🔼	upwards button	arrow_up_small	arrow button red up upwards
8	⏫️	fast up button	arrow_double_up	arrow button double fast up
8	🔽	downwards button	arrow_down_small	arrow button down downwards red
8	⏬️	fast down button	arrow_double_down	arrow button double down fast
8	⏸️	pause button	pause_button	bar button double pause vertical
8	⏹️	stop button	stop_button	button square stop
8	⏺️	record button	record_button	button circle record
8	⏏️	eject button	eject_button	button eject
8	🎦	cinema	cinema	camera film movie
8	🔅	dim button	low_brightness	brightness button dim low
8	🔆	bright button	high_brightness	bright brightness button light
8	📶	antenna bars	signal_strength	antenna bar bars cell communication mobile phone signal telephone
8	🛜	wireless	wireless	broadband computer connectivity hotspot internet network router smartphone wi-fi wifi wlan
8	📳	vibration mode	vibration_mode	cell communication mobile mode phone telephone vibration
8	📴	mobile phone off	mobile_phone_off	cell mobile off phone telephone
8	♀️	female sign	female_sign	female sign woman
8	♂️	male sign	male_sign	male man sign
8	⚧️	transgender symbol	transgender_symbol	symbol transgender
8	✖️	multiply	heavy_multiplication_x	cancel multiplication sign x ×
8	➕️	plus	heavy_plus_sign	+
8	➖️	minus	heavy_minus_sign	- heavy math sign −
8	➗️	divide	heavy_division_sign	division heavy math sign ÷
8	🟰	heavy equals sign	heavy_equals_sign	answer equal equality equals heavy math sign
8	♾️	infinity	infinity	forever unbounded universal
8	‼️	double exclamation mark	bangbang	! !! bangbang double exclamation mark punctuation
8	⁉️	exclamation question mark	interrobang	! !? ? exclamation interrobang mark punctuation question
8	❓️	red question mark	question	? mark punctuation question red
8	❔️	white question mark	grey_question	? mark outlined punctuation question white
8	❕️	white exclamation mark	grey_exclamation	! exclamation mark outlined punctuation white
8	❗️	red exclamation mark	exclamation heavy_exclamation_mark	! exclamation mark punctuation red
8	〰️	wavy dash	wavy_dash	dash punctuation wavy
8	💱	currency exchange	currency_exchange	bank currency exchange money
8	💲	heavy dollar sign	heavy_dollar_sign	billion cash charge currency dollar heavy million money pay sign
8	⚕️	medical symbol	medical_symbol	aesculapius medical medicine staff symbol
8	♻️	recycling symbol	recycle	recycle recycling symbol
8	⚜️	fleur-de-lis	fleur_de_lis	knights
8	🔱	trident emblem	trident	anchor emblem poseidon ship tool trident
8	📛	name badge	name_badge	badge name
8	🔰	Japanese symbol for beginner	beginner	beginner chevron green japanese leaf symbol tool yellow
8	⭕️	hollow red circle	o	circle heavy hollow large o red
8	✅️	check mark button	white_check_mark	button check checked checkmark complete completed done fixed mark tick ✓
8	☑️	check box with check	ballot_box_with_check	ballot box check checked done off tick ✓
8	✔️	check mark	heavy_check_mark	check checked checkmark done heavy mark tick ✓
8	❌️	cross mark	x	cancel cross mark multiplication multiply x ×
8	❎️	cross mark button	negative_squared_cross_mark	button cross mark multiplication multiply square x ×
8	➰️	curly loop	curly_loop	curl curly loop
8	➿️	double curly loop	loop	curl curly double loop
8	〽️	part alternation mark	part_alternation_mark	alternation mark part
8	✳️	eight-spoked asterisk	eight_spoked_asterisk	* asterisk eight-spoked
8	✴️	eight-pointed star	eight_pointed_black_star	* eight-pointed star
8	❇️	sparkle	sparkle	*
8	©️	copyright	copyright	c
8	®️	registered	registered	r
8	™️	trade mark	tm	mark tm trade trademark
8	🫟	splatter		drip holi ink liquid mess paint spill stain
8	#️⃣	keycap: #	hash	keycap
8	*️⃣	keycap: *	asterisk	keycap
8	0️⃣	keycap: 0	zero	0 keycap zero
8	1️⃣	keycap: 1	one	1 keycap one
8	2️⃣	keycap: 2	two	2 keycap two
8	3️⃣	keycap: 3	three	3 keycap three
8	4️⃣	keycap: 4	four	4 four keycap
8	5️⃣	keycap: 5	five	5 five keycap
8	6️⃣	keycap: 6	six	6 keycap six
8	7️⃣	keycap: 7	seven	7 keycap seven
8	8️⃣	keycap: 8	eight	8 eight keycap
8	9️⃣	keycap: 9	nine	9 keycap nine
8	🔟	keycap: 10	keycap_ten	keycap
8	🔠	input latin uppercase	capital_abcd	abcd input latin letters uppercase
8	🔡	input latin lowercase	abcd	abcd input latin letters lowercase
8	🔢	input numbers	1234	1234 input numbers
8	🔣	input symbols	symbols	% & input symbols ♪ 〒
8	🔤	input latin letters	abc	abc alphabet input latin letters
8	🅰️	A button (blood type)	a	blood button type
8	🆎	AB button (blood type)	ab	ab blood button type
8	🅱️	B button (blood type)	b	b blood button type
8	🆑	CL button	cl	button cl
8	🆒	COOL button	cool	button cool
8	🆓	FREE button	free	button free
8	ℹ️	information	information_source	i
8	🆔	ID button	id	button id identity
8	Ⓜ️	circled M	m	circle circled m
8	🆕	NEW button	new	button new
8	🆖	NG button	ng	button ng
8	🅾️	O button (blood type)	o2	blood button o type
8	🆗	OK button	ok	button ok okay
8	🅿️	P button	parking	button p parking
8	🆘	SOS button	sos	button help sos
8	🆙	UP! button	up	button mark up up!
8	🆚	VS button	vs	button versus vs
8	🈁	Japanese “here” button	koko	button here japanese katakana
8	🈂️	Japanese “service charge” button	sa	button charge japanese katakana service
8	🈷️	Japanese “monthly amount” button	u6708	amount button ideograph japanese monthly
8	🈶	Japanese “not free of charge” button	u6709	button charge free ideograph japanese not
8	🈯️	Japanese “reserved” button	u6307	button ideograph japanese reserved
8	🉐	Japanese “bargain” button	ideograph_advantage	bargain button ideograph japanese
8	🈹	Japanese “discount” button	u5272	button discount ideograph japanese
8	🈚️	Japanese “free of charge” button	u7121	button charge free ideograph japanese
8	🈲	Japanese “prohibited” button	u7981	button ideograph japanese prohibited
8	🉑	Japanese “acceptable” button	accept	acceptable button ideograph japanese
8	🈸	Japanese “application” button	u7533	application button ideograph japanese
8	🈴	Japanese “passing grade” button	u5408	button grade ideograph japanese passing
8	🈳	Japanese “vacancy” button	u7a7a	button ideograph japanese vacancy
8	㊗️	Japanese “congratulations” button	congratulations	button congratulations ideograph japanese
8	㊙️	Japanese “secret” button	secret	button ideograph japanese secret
8	🈺	Japanese “open for business” button	u55b6	business button ideograph japanese open
8	🈵	Japanese “no vacancy” button	u6e80	button ideograph japanese no vacancy
8	🔴	red circle	red_circle	circle geometric red
8	🟠	orange circle	orange_circle	circle orange
8	🟡	yellow circle	yellow_circle	circle yellow
8	🟢	green circle	green_circle	circle green
8	🔵	blue circle	large_blue_circle	blue circle geometric
8	🟣	purple circle	purple_circle	circle purple
8	🟤	brown circle	brown_circle	brown circle
8	⚫️	black circle	black_circle	black circle geometric
8	⚪️	white circle	white_circle	circle geometric white
8	🟥	red square	red_square	card penalty red square
8	🟧	orange square	orange_square	orange square
8	🟨	yellow square	yellow_square	card penalty square yellow
8	🟩	green square	green_square	green square
8	🟦	blue square	blue_square	blue square
8	🟪	purple square	purple_square	purple square
8	🟫	brown square	brown_square	brown square
8	⬛️	black large square	black_large_square	black geometric large square
8	⬜️	white large square	white_large_square	geometric large square white
8	◼️	black medium square	black_medium_square	black geometric medium square
8	◻️	white medium square	white_medium_square	geometric medium square white
8	◾️	black medium-small square	black_medium_small_square	black geometric medium-small square
8	◽️	white medium-small square	white_medium_small_square	geometric medium-small square white
8	▪️	black small square	black_small_square	black geometric small square
8	▫️	white small square	white_small_square	geometric small square white
8	🔶	large orange diamond	large_orange_diamond	diamond geometric large orange
8	🔷	large blue diamond	large_blue_diamond	blue diamond geometric large
8	🔸	small orange diamond	small_orange_diamond	diamond geometric orange small
8	🔹	small blue diamond	small_blue_diamond	blue diamond geometric small
8	🔺	red triangle pointed up	small_red_triangle	geometric pointed red triangle up
8	🔻	red triangle pointed down	small_red_triangle_down	down geometric pointed red triangle
8	💠	diamond with a dot	diamond_shape_with_a_dot_inside	comic diamond dot geometric
8	🔘	radio button	radio_button	button geometric radio
8	🔳	white square button	white_square_button	button geometric outlined square white
8	🔲	black square button	black_square_button	black button geometric square
9	🏁	chequered flag	checkered_flag	checkered chequered finish flag flags game race racing sport win
9	🚩	triangular flag	triangular_flag_on_post	construction flag golf post triangular
9	🎌	crossed flags	crossed_flags	celebration cross crossed flags japanese
9	🏴	black flag	black_flag	black flag waving
9	🏳️	white flag	white_flag	flag waving white
9	🏳️‍🌈	rainbow flag	rainbow_flag	bisexual flag gay genderqueer glbt glbtq lesbian lgbt lgbtq lgbtqia pride queer rainbow trans transgender
9	🏳️‍⚧️	transgender flag	transgender_flag	blue flag light pink transgender white
9	🏴‍☠️	pirate flag	pirate_flag	flag jolly pirate plunder roger treasure
9	🇦🇨	flag: Ascension Island	ascension_island	AC flag
9	🇦🇩	flag: Andorra	andorra	AD flag
9	🇦🇪	flag: United Arab Emirates	united_arab_emirates	AE flag
9	🇦🇫	flag: Afghanistan	afghanistan	AF flag
9	🇦🇬	flag: Antigua & Barbuda	antigua_barbuda	AG flag
9	🇦🇮	flag: Anguilla	anguilla	AI flag
9	🇦🇱	flag: Albania	albania	AL flag
9	🇦🇲	flag: Armenia	armenia	AM flag
9	🇦🇴	flag: Angola	angola	AO flag
9	🇦🇶	flag: Antarctica	antarctica	AQ flag
9	🇦🇷	flag: Argentina	argentina	AR flag
9	🇦🇸	flag: American Samoa	american_samoa	AS flag
9	🇦🇹	flag: Austria	austria	AT flag
9	🇦🇺	flag: Australia	australia	AU flag
9	🇦🇼	flag: Aruba	aruba	AW flag
9	🇦🇽	flag: Åland Islands	aland_islands	AX flag
9	🇦🇿	flag: Azerbaijan	azerbaijan	AZ flag
9	🇧🇦	flag: Bosnia & Herzegovina	bosnia_herzegovina	BA flag
9	🇧🇧	flag: Barbados	barbados	BB flag
9	🇧🇩	flag: Bangladesh	bangladesh	BD flag
9	🇧🇪	flag: Belgium	belgium	BE flag
9	🇧🇫	flag: Burkina Faso	burkina_faso	BF flag
9	🇧🇬	flag: Bulgaria	bulgaria	BG flag
9	🇧🇭	flag: Bahrain	bahrain	BH flag
9	🇧🇮	flag: Burundi	burundi	BI flag
9	🇧🇯	flag: Benin	benin	BJ flag
9	🇧🇱	flag: St. Barthélemy	st_barthelemy	BL flag
9	🇧🇲	flag: Bermuda	bermuda	BM flag
9	🇧🇳	flag: Brunei	brunei	BN flag
9	🇧🇴	flag: Bolivia	bolivia	BO flag
9	🇧🇶	flag: Caribbean Netherlands	caribbean_netherlands	BQ flag
9	🇧🇷	flag: Brazil	brazil	BR flag
9	🇧🇸	flag: Bahamas	bahamas	BS flag
9	🇧🇹	flag: Bhutan	bhutan	BT flag
9	🇧🇻	flag: Bouvet Island	bouvet_island	BV flag
9	🇧🇼	flag: Botswana	botswana	BW flag
9	🇧🇾	flag: Belarus	belarus	BY flag
9	🇧🇿	flag: Belize	belize	BZ flag
9	🇨🇦	flag: Canada	canada	CA flag
9	🇨🇨	flag: Cocos (Keeling) Islands	cocos_islands	CC flag
9	🇨🇩	flag: Congo - Kinshasa	congo_kinshasa	CD flag
9	🇨🇫	flag: Central African Republic	central_african_republic	CF flag
9	🇨🇬	flag: Congo - Brazzaville	congo_brazzaville	CG flag
9	🇨🇭	flag: Switzerland	switzerland	CH flag
9	🇨🇮	flag: Côte d’Ivoire	cote_divoire	CI flag
9	🇨🇰	flag: Cook Islands	cook_islands	CK flag
9	🇨🇱	flag: Chile	chile	CL flag
9	🇨🇲	flag: Cameroon	cameroon	CM flag
9	🇨🇳	flag: China	cn	CN flag
9	🇨🇴	flag: Colombia	colombia	CO flag
9	🇨🇵	flag: Clipperton Island	clipperton_island	CP flag
9	🇨🇶	flag: Sark		CQ flag
9	🇨🇷	flag: Costa Rica	costa_rica	CR flag
9	🇨🇺	flag: Cuba	cuba	CU flag
9	🇨🇻	flag: Cape Verde	cape_verde	CV flag
9	🇨🇼	flag: Curaçao	curacao	CW flag
9	🇨🇽	flag: Christmas Island	christmas_island	CX flag
9	🇨🇾	flag: Cyprus	cyprus	CY flag
9	🇨🇿	flag: Czechia	czech_republic	CZ flag
9	🇩🇪	flag: Germany	de	DE flag
9	🇩🇬	flag: Diego Garcia	diego_garcia	DG flag
9	🇩🇯	flag: Djibouti	djibouti	DJ flag
9	🇩🇰	flag: Denmark	denmark	DK flag
9	🇩🇲	flag: Dominica	dominica	DM flag
9	🇩🇴	flag: Dominican Republic	dominican_republic	DO flag
9	🇩🇿	flag: Algeria	algeria	DZ flag
9	🇪🇦	flag: Ceuta & Melilla	ceuta_melilla	EA flag
9	🇪🇨	flag: Ecuador	ecuador	EC flag
9	🇪🇪	flag: Estonia	estonia	EE flag
9	🇪🇬	flag: Egypt	egypt	EG flag
9	🇪🇭	flag: Western Sahara	western_sahara	EH flag
9	🇪🇷	flag: Eritrea	eritrea	ER flag
9	🇪🇸	flag: Spain	es	ES flag
9	🇪🇹	flag: Ethiopia	ethiopia	ET flag
9	🇪🇺	flag: European Union	eu european_union	EU flag
9	🇫🇮	flag: Finland	finland	FI flag
9	🇫🇯	flag: Fiji	fiji	FJ flag
9	🇫🇰	flag: Falkland Islands	falkland_islands	FK flag
9	🇫🇲	flag: Micronesia	micronesia	FM flag
9	🇫🇴	flag: Faroe Islands	faroe_islands	FO flag
9	🇫🇷	flag: France	fr	FR flag
9	🇬🇦	flag: Gabon	gabon	GA flag
9	🇬🇧	flag: United Kingdom	gb uk	GB flag
9	🇬🇩	flag: Grenada	grenada	GD flag
9	🇬🇪	flag: Georgia	georgia	GE flag
9	🇬🇫	flag: French Guiana	french_guiana	GF flag
9	🇬🇬	flag: Guernsey	guernsey	GG flag
9	🇬🇭	flag: Ghana	ghana	GH flag
9	🇬🇮	flag: Gibraltar	gibraltar	GI flag
9	🇬🇱	flag: Greenland	greenland	GL flag
9	🇬🇲	flag: Gambia	gambia	GM flag
9	🇬🇳	flag: Guinea	guinea	GN flag
9	🇬🇵	flag: Guadeloupe	guadeloupe	GP flag
9	🇬🇶	flag: Equatorial Guinea	equatorial_guinea	GQ flag
9	🇬🇷	flag: Greece	greece	GR flag
9	🇬🇸	flag: South Georgia & South Sandwich Islands	south_georgia_south_sandwich_islands	GS flag
9	🇬🇹	flag: Guatemala	guatemala	GT flag
9	🇬🇺	flag: Guam	guam	GU flag
9	🇬🇼	flag: Guinea-Bissau	guinea_bissau	GW flag
9	🇬🇾	flag: Guyana	guyana	GY flag
9	🇭🇰	flag: Hong Kong SAR China	hong_kong	HK flag
9	🇭🇲	flag: Heard & McDonald Islands	heard_mcdonald_islands	HM flag
9	🇭🇳	flag: Honduras	honduras	HN flag
9	🇭🇷	flag: Croatia	croatia	HR flag
9	🇭🇹	flag: Haiti	haiti	HT flag
9	🇭🇺	flag: Hungary	hungary	HU flag
9	🇮🇨	flag: Canary Islands	canary_islands	IC flag
9	🇮🇩	flag: Indonesia	indonesia	ID flag
9	🇮🇪	flag: Ireland	ireland	IE flag
9	🇮🇱	flag: Israel	israel	IL flag
9	🇮🇲	flag: Isle of Man	isle_of_man	IM flag
9	🇮🇳	flag: India	india	IN flag
9	🇮🇴	flag: British Indian Ocean Territory	british_indian_ocean_territory	IO flag
9	🇮🇶	flag: Iraq	iraq	IQ flag
9	🇮🇷	flag: Iran	iran	IR flag
9	🇮🇸	flag: Iceland	iceland	IS flag
9	🇮🇹	flag: Italy	it	IT flag
9	🇯🇪	flag: Jersey	jersey	JE flag
9	🇯🇲	flag: Jamaica	jamaica	JM flag
9	🇯🇴	flag: Jordan	jordan	JO flag
9	🇯🇵	flag: Japan	jp	JP flag
9	🇰🇪	flag: Kenya	kenya	KE flag
9	🇰🇬	flag: Kyrgyzstan	kyrgyzstan	KG flag
9	🇰🇭	flag: Cambodia	cambodia	KH flag
9	🇰🇮	flag: Kiribati	kiribati	KI flag
9	🇰🇲	flag: Comoros	comoros	KM flag
9	🇰🇳	flag: St. Kitts & Nevis	st_kitts_nevis	KN flag
9	🇰🇵	flag: North Korea	north_korea	KP flag
9	🇰🇷	flag: South Korea	kr	KR flag
9	🇰🇼	flag: Kuwait	kuwait	KW flag
9	🇰🇾	flag: Cayman Islands	cayman_islands	KY flag
9	🇰🇿	flag: Kazakhstan	kazakhstan	KZ flag
9	🇱🇦	flag: Laos	laos	LA flag
9	🇱🇧	flag: Lebanon	lebanon	LB flag
9	🇱🇨	flag: St. Lucia	st_lucia	LC flag
9	🇱🇮	flag: Liechtenstein	liechtenstein	LI flag
9	🇱🇰	flag: Sri Lanka	sri_lanka	LK flag
9	🇱🇷	flag: Liberia	liberia	LR flag
9	🇱🇸	flag: Lesotho	lesotho	LS flag
9	🇱🇹	flag: Lithuania	lithuania	LT flag
9	🇱🇺	flag: Luxembourg	luxembourg	LU flag
9	🇱🇻	flag: Latvia	latvia	LV flag
9	🇱🇾	flag: Libya	libya	LY flag
9	🇲🇦	flag: Morocco	morocco	MA flag
9	🇲🇨	flag: Monaco	monaco	MC flag
9	🇲🇩	flag: Moldova	moldova	MD flag
9	🇲🇪	flag: Montenegro	montenegro	ME flag
9	🇲🇫	flag: St. Martin	st_martin	MF flag
9	🇲🇬	flag: Madagascar	madagascar	MG flag
9	🇲🇭	flag: Marshall Islands	marshall_islands	MH flag
9	🇲🇰	flag: North Macedonia	macedonia	MK flag
9	🇲🇱	flag: Mali	mali	ML flag
9	🇲🇲	flag: Myanmar (Burma)	myanmar	MM flag
9	🇲🇳	flag: Mongolia	mongolia	MN flag
9	🇲🇴	flag: Macao SAR China	macau	MO flag
9	🇲🇵	flag: Northern Mariana Islands	northern_mariana_islands	MP flag
9	🇲🇶	flag: Martinique	martinique	MQ flag
9	🇲🇷	flag: Mauritania	mauritania	MR flag
9	🇲🇸	flag: Montserrat	montserrat	MS flag
9	🇲🇹	flag: Malta	malta	MT flag
9	🇲🇺	flag: Mauritius	mauritius	MU flag
9	🇲🇻	flag: Maldives	maldives	MV flag
9	🇲🇼	flag: Malawi	malawi	MW flag
9	🇲🇽	flag: Mexico	mexico	MX flag
9	🇲🇾	flag: Malaysia	malaysia	MY flag
9	🇲🇿	flag: Mozambique	mozambique	MZ flag
9	🇳🇦	flag: Namibia	namibia	NA flag
9	🇳🇨	flag: New Caledonia	new_caledonia	NC flag
9	🇳🇪	flag: Niger	niger	NE flag
9	🇳🇫	flag: Norfolk Island	norfolk_island	NF flag
9	🇳🇬	flag: Nigeria	nigeria	NG flag
9	🇳🇮	flag: Nicaragua	nicaragua	NI flag
9	🇳🇱	flag: Netherlands	netherlands	NL flag
9	🇳🇴	flag: Norway	norway	NO flag
9	🇳🇵	flag: Nepal	nepal	NP flag
9	🇳🇷	flag: Nauru	nauru	NR flag
9	🇳🇺	flag: Niue	niue	NU flag
9	🇳🇿	flag: New Zealand	new_zealand	NZ flag
9	🇴🇲	flag: Oman	oman	OM flag
9	🇵🇦	flag: Panama	panama	PA flag
9	🇵🇪	flag: Peru	peru	PE flag
9	🇵🇫	flag: French Polynesia	french_polynesia	PF flag
9	🇵🇬	flag: Papua New Guinea	papua_new_guinea	PG flag
9	🇵🇭	flag: Philippines	philippines	PH flag
9	🇵🇰	flag: Pakistan	pakistan	PK flag
9	🇵🇱	flag: Poland	poland	PL flag
9	🇵🇲	flag: St. Pierre & Miquelon	st_pierre_miquelon	PM flag
9	🇵🇳	flag: Pitcairn Islands	pitcairn_islands	PN flag
9	🇵🇷	flag: Puerto Rico	puerto_rico	PR flag
9	🇵🇸	flag: Palestinian Territories	palestinian_territories	PS flag
9	🇵🇹	flag: Portugal	portugal	PT flag
9	🇵🇼	flag: Palau	palau	PW flag
9	🇵🇾	flag: Paraguay	paraguay	PY flag
9	🇶🇦	flag: Qatar	qatar	QA flag
9	🇷🇪	flag: Réunion	reunion	RE flag
9	🇷🇴	flag: Romania	romania	RO flag
9	🇷🇸	flag: Serbia	serbia	RS flag
9	🇷🇺	flag: Russia	ru	RU flag
9	🇷🇼	flag: Rwanda	rwanda	RW flag
9	🇸🇦	flag: Saudi Arabia	saudi_arabia	SA flag
9	🇸🇧	flag: Solomon Islands	solomon_islands	SB flag
9	🇸🇨	flag: Seychelles	seychelles	SC flag
9	🇸🇩	flag: Sudan	sudan	SD flag
9	🇸🇪	flag: Sweden	sweden	SE flag
9	🇸🇬	flag: Singapore	singapore	SG flag
9	🇸🇭	flag: St. Helena	st_helena	SH flag
9	🇸🇮	flag: Slovenia	slovenia	SI flag
9	🇸🇯	flag: Svalbard & Jan Mayen	svalbard_jan_mayen	SJ flag
9	🇸🇰	flag: Slovakia	slovakia	SK flag
9	🇸🇱	flag: Sierra Leone	sierra_leone	SL flag
9	🇸🇲	flag: San Marino	san_marino	SM flag
9	🇸🇳	flag: Senegal	senegal	SN flag
9	🇸🇴	flag: Somalia	somalia	SO flag
9	🇸🇷	flag: Suriname	suriname	SR flag
9	🇸🇸	flag: South Sudan	south_sudan	SS flag
9	🇸🇹	flag: São Tomé & Príncipe	sao_tome_principe	ST flag
9	🇸🇻	flag: El Salvador	el_salvador	SV flag
9	🇸🇽	flag: Sint Maarten	sint_maarten	SX flag
9	🇸🇾	flag: Syria	syria	SY flag
9	🇸🇿	flag: Eswatini	swaziland	SZ flag
9	🇹🇦	flag: Tristan da Cunha	tristan_da_cunha	TA flag
9	🇹🇨	flag: Turks & Caicos Islands	turks_caicos_islands	TC flag
9	🇹🇩	flag: Chad	chad	TD flag
9	🇹🇫	flag: French Southern Territories	french_southern_territories	TF flag
9	🇹🇬	flag: Togo	togo	TG flag
9	🇹🇭	flag: Thailand	thailand	TH flag
9	🇹🇯	flag: Tajikistan	tajikistan	TJ flag
9	🇹🇰	flag: Tokelau	tokelau	TK flag
9	🇹🇱	flag: Timor-Leste	timor_leste	TL flag
9	🇹🇲	flag: Turkmenistan	turkmenistan	TM flag
9	🇹🇳	flag: Tunisia	tunisia	TN flag
9	🇹🇴	flag: Tonga	tonga	TO flag
9	🇹🇷	flag: Türkiye	tr	TR flag
9	🇹🇹	flag: Trinidad & Tobago	trinidad_tobago	TT flag
9	🇹🇻	flag: Tuvalu	tuvalu	TV flag
9	🇹🇼	flag: Taiwan	taiwan	TW flag
9	🇹🇿	flag: Tanzania	tanzania	TZ flag
9	🇺🇦	flag: Ukraine	ukraine	UA flag
9	🇺🇬	flag: Uganda	uganda	UG flag
9	🇺🇲	flag: U.S. Outlying Islands	us_outlying_islands	UM flag
9	🇺🇳	flag: United Nations	united_nations	UN flag
9	🇺🇸	flag: United States	us	US flag
9	🇺🇾	flag: Uruguay	uruguay	UY flag
9	🇺🇿	flag: Uzbekistan	uzbekistan	UZ flag
9	🇻🇦	flag: Vatican City	vatican_city	VA flag
9	🇻🇨	flag: St. Vincent & Grenadines	st_vincent_grenadines	VC flag
9	🇻🇪	flag: Venezuela	venezuela	VE flag
9	🇻🇬	flag: British Virgin Islands	british_virgin_islands	VG flag
9	🇻🇮	flag: U.S. Virgin Islands	us_virgin_islands	VI flag
9	🇻🇳	flag: Vietnam	vietnam	VN flag
9	🇻🇺	flag: Vanuatu	vanuatu	VU flag
9	🇼🇫	flag: Wallis & Futuna	wallis_futuna	WF flag
9	🇼🇸	flag: Samoa	samoa	WS flag
9	🇽🇰	flag: Kosovo	kosovo	XK flag
9	🇾🇪	flag: Yemen	yemen	YE flag
9	🇾🇹	flag: Mayotte	mayotte	YT flag
9	🇿🇦	flag: South Africa	south_africa	ZA flag
9	🇿🇲	flag: Zambia	zambia	ZM flag
9	🇿🇼	flag: Zimbabwe	zimbabwe	ZW flag
9	🏴󠁧󠁢󠁥󠁮󠁧󠁿	flag: England	england	flag gbeng
9	🏴󠁧󠁢󠁳󠁣󠁴󠁿	flag: Scotland	scotland	flag gbsct
9	🏴󠁧󠁢󠁷󠁬󠁳󠁿	flag: Wales	wales	flag gbwls
